INSERT INTO korisnik (korisnik_id, username, ime, prezime, email, password, uloga) VALUES
(1, 'dawnevans', 'Colleen', 'Webster', 'bpetersen@gmail.com', 'hash1', 'Kupac'),
(2, 'thomaslloyd', 'Michael', 'Goodman', 'joan14@gmail.com', 'hash2', 'Kupac'),
(3, 'chad60', 'Emily', 'Gamble', 'tlawrence@harris.com', 'hash3', 'Kupac'),
(4, 'dakota51', 'Michael', 'Taylor', 'kyle06@yahoo.com', 'hash4', 'Organizator'),
(5, 'emilylong', 'Dean', 'Hawkins', 'normanronald@hotmail.com', 'hash5', 'Kupac'),
(6, 'marquezanthony', 'Chad', 'Walter', 'wgriffin@mitchell.com', 'hash6', 'Kupac'),
(7, 'timothyscott', 'Susan', 'Arroyo', 'brittany18@hernandez-clark.com', 'hash7', 'Kupac'),
(8, 'luis34', 'Billy', 'Tyler', 'maria64@yahoo.com', 'hash8', 'Organizator'),
(9, 'nsmith', 'Casey', 'Bruce', 'dominicmolina@chambers.com', 'hash9', 'Kupac'),
(10, 'mgoodwin', 'Justin', 'Reyes', 'hannahowens@hudson.biz', 'hash10', 'Kupac'),
(11, 'lmiller', 'Diane', 'Snyder', 'kyoung@moyer.biz', 'hash11', 'Kupac'),
(12, 'shelby83', 'Kimberly', 'Tucker', 'cgarcia@ortiz.info', 'hash12', 'Organizator'),
(13, 'smorgan', 'Thomas', 'Roberts', 'williammurphy@yahoo.com', 'hash13', 'Kupac'),
(14, 'scottbrittany', 'Louis', 'Anderson', 'jose02@tran.com', 'hash14', 'Kupac'),
(15, 'rebecca49', 'Michele', 'Baker', 'lindashaffer@hotmail.com', 'hash15', 'Kupac'),
(16, 'ndavis', 'Jonathan', 'Gomez', 'pricekarla@singleton.com', 'hash16', 'Organizator'),
(17, 'kimberlyjones', 'Dawn', 'Clarke', 'williamwong@cook.com', 'hash17', 'Kupac'),
(18, 'tammy94', 'Jennifer', 'Powers', 'tamaraflores@gmail.com', 'hash18', 'Kupac'),
(19, 'olsenmike', 'Ian', 'Cobb', 'richardlong@fowler.com', 'hash19', 'Kupac'),
(20, 'tanner15', 'Courtney', 'King', 'watsondaniel@rowland.com', 'hash20', 'Organizator'),
(21, 'raymorris', 'Toni', 'Miller', 'kgardner@stephens.com', 'hash21', 'Kupac'),
(22, 'jeanjordan', 'Thomas', 'Abbott', 'shelby42@rangel.com', 'hash22', 'Kupac'),
(23, 'vhogan', 'Ashley', 'Harrington', 'gmartin@ross.biz', 'hash23', 'Kupac'),
(24, 'slopez', 'Jack', 'Ray', 'wsmith@yahoo.com', 'hash24', 'Organizator'),
(25, 'jensenchristopher', 'Isaac', 'Davis', 'kimberly09@mcgrath.com', 'hash25', 'Kupac'),
(26, 'nguyenluis', 'Johnathan', 'Vaughn', 'murraydanny@tyler-morris.org', 'hash26', 'Kupac'),
(27, 'kristinrich', 'Daniel', 'Snyder', 'aaronestrada@oliver-miller.net', 'hash27', 'Kupac'),
(28, 'jason04', 'Jessica', 'Brown', 'jo78@hill-weber.com', 'hash28', 'Organizator'),
(29, 'kgonzales', 'Carolyn', 'Smith', 'barbara06@yahoo.com', 'hash29', 'Kupac'),
(30, 'kenneth76', 'Juan', 'Jarvis', 'brettphillips@bolton-jones.com', 'hash30', 'Kupac'),
(31, 'lopezcarmen', 'Brenda', 'Stevens', 'ahurst@hicks.com', 'hash31', 'Kupac'),
(32, 'barnesallison', 'Danny', 'Davis', 'michael81@travis.net', 'hash32', 'Organizator'),
(33, 'leemargaret', 'Frederick', 'Bowman', 'eric57@hotmail.com', 'hash33', 'Kupac'),
(34, 'anthony54', 'Cheryl', 'Hart', 'martindavid@hotmail.com', 'hash34', 'Kupac'),
(35, 'estradapeter', 'Justin', 'Garcia', 'pamrodriguez@hotmail.com', 'hash35', 'Kupac'),
(36, 'michaelgreen', 'Shane', 'Smith', 'dawnschmidt@owens.net', 'hash36', 'Organizator'),
(37, 'mlopez', 'Joshua', 'Flynn', 'teresa17@hotmail.com', 'hash37', 'Kupac'),
(38, 'contrerastimothy', 'Marvin', 'Lopez', 'jessicabrown@gmail.com', 'hash38', 'Kupac'),
(39, 'rodney29', 'Daniel', 'Martinez', 'shannonhubbard@willis-vega.com', 'hash39', 'Kupac'),
(40, 'william49', 'Lauren', 'Mcclure', 'williamsongregory@gordon-reid.com', 'hash40', 'Organizator'),
(41, 'ttorres', 'Jessica', 'Walker', 'lorirose@scott.com', 'hash41', 'Kupac'),
(42, 'jasonhoward', 'Julia', 'Maldonado', 'simonmary@gmail.com', 'hash42', 'Kupac'),
(43, 'taylorhector', 'William', 'Miller', 'molinachristopher@hotmail.com', 'hash43', 'Kupac'),
(44, 'vmoore', 'George', 'Sweeney', 'stephen74@hotmail.com', 'hash44', 'Organizator'),
(45, 'merrittchristina', 'Emma', 'Chen', 'casey22@yahoo.com', 'hash45', 'Kupac'),
(46, 'alexandramontgomery', 'Raymond', 'Hernandez', 'frederick13@hotmail.com', 'hash46', 'Kupac'),
(47, 'ricardolane', 'Travis', 'Burke', 'fashley@hotmail.com', 'hash47', 'Kupac'),
(48, 'adkinsamanda', 'Gregory', 'Williams', 'jacob41@parker.info', 'hash48', 'Organizator'),
(49, 'robinsoncheryl', 'Frederick', 'Christensen', 'robert00@hotmail.com', 'hash49', 'Kupac'),
(50, 'natalie33', 'Douglas', 'Olson', 'nealclinton@diaz.com', 'hash50', 'Kupac'),
(51, 'jeffreydickson', 'Taylor', 'Hawkins', 'katie03@ramirez.com', 'hash51', 'Kupac'),
(52, 'christinelee', 'Karen', 'Smith', 'kristennorris@miller.info', 'hash52', 'Organizator'),
(53, 'samueljacobson', 'Rebecca', 'Coffey', 'dustinlee@chapman-baker.net', 'hash53', 'Kupac'),
(54, 'carsonteresa', 'Andrew', 'Flores', 'kellydebbie@yahoo.com', 'hash54', 'Kupac'),
(55, 'jhampton', 'Adam', 'Valdez', 'clarkebrian@ibarra-wolfe.com', 'hash55', 'Kupac'),
(56, 'jamesdillon', 'Joseph', 'Jenkins', 'baileyashley@yahoo.com', 'hash56', 'Organizator'),
(57, 'johnsonmichael', 'Jacqueline', 'Norris', 'pharrison@brady.org', 'hash57', 'Kupac'),
(58, 'wgarcia', 'Tracey', 'Henry', 'kyle75@gmail.com', 'hash58', 'Kupac'),
(59, 'johnsonmelissa', 'Daniel', 'Lawrence', 'lmason@moreno-hamilton.com', 'hash59', 'Kupac'),
(60, 'mhicks', 'Michael', 'Welch', 'williamjohnson@brown.net', 'hash60', 'Organizator'),
(61, 'sharon45', 'Daniel', 'Stewart', 'rowen@hotmail.com', 'hash61', 'Kupac'),
(62, 'robertross', 'Stephen', 'Hinton', 'eperez@thompson.com', 'hash62', 'Kupac'),
(63, 'robert66', 'Joseph', 'Chandler', 'terrynathan@rangel.biz', 'hash63', 'Kupac'),
(64, 'henry43', 'Renee', 'Morrison', 'pricemichael@baldwin-nash.info', 'hash64', 'Organizator'),
(65, 'barnettmichael', 'Timothy', 'Perez', 'bryan77@gmail.com', 'hash65', 'Kupac'),
(66, 'wmooney', 'Shannon', 'Woodward', 'paulakelly@hunt.com', 'hash66', 'Kupac'),
(67, 'phillipsmichelle', 'Robert', 'Gregory', 'dflores@hart.com', 'hash67', 'Kupac'),
(68, 'kenneth55', 'Sarah', 'Kelley', 'zmueller@brown.com', 'hash68', 'Organizator'),
(69, 'austinhobbs', 'Melanie', 'Mccoy', 'sullivanmichael@gmail.com', 'hash69', 'Kupac'),
(70, 'cunninghamchristina', 'Ian', 'Foley', 'katherineray@smith.com', 'hash70', 'Kupac'),
(71, 'mendozajason', 'Debra', 'Barber', 'gregorywest@navarro-barker.com', 'hash71', 'Kupac'),
(72, 'heidi37', 'Bradley', 'Lang', 'fpineda@bell.net', 'hash72', 'Organizator'),
(73, 'johnphillips', 'Joseph', 'Morse', 'davidwilliams@harris.com', 'hash73', 'Kupac'),
(74, 'mariaboyle', 'Chad', 'Berry', 'lindsey79@arnold.com', 'hash74', 'Kupac'),
(75, 'zchapman', 'Janice', 'Jones', 'michaellane@yahoo.com', 'hash75', 'Kupac'),
(76, 'jeffreyhughes', 'Lisa', 'Henry', 'walkerpatrick@hotmail.com', 'hash76', 'Organizator'),
(77, 'samuel25', 'Ronald', 'Lee', 'james72@mann.net', 'hash77', 'Kupac'),
(78, 'jonesryan', 'Lindsay', 'Delacruz', 'dcross@gmail.com', 'hash78', 'Kupac'),
(79, 'mark23', 'Anna', 'Keith', 'kmyers@gmail.com', 'hash79', 'Kupac'),
(80, 'joneserin', 'Annette', 'Johnson', 'bjensen@phillips-swanson.net', 'hash80', 'Organizator'),
(81, 'lsantos', 'Kathy', 'Avila', 'sharonarias@brown-rogers.org', 'hash81', 'Kupac'),
(82, 'cassandralopez', 'Samantha', 'Cervantes', 'sheltonjason@yahoo.com', 'hash82', 'Kupac'),
(83, 'walkerkaitlyn', 'Annette', 'Harrison', 'melissaknight@yahoo.com', 'hash83', 'Kupac'),
(84, 'ynichols', 'Rachel', 'Burnett', 'brian93@gmail.com', 'hash84', 'Organizator'),
(85, 'stonethomas', 'David', 'Moon', 'michealmendez@davila.com', 'hash85', 'Kupac'),
(86, 'barbara70', 'Anna', 'Nelson', 'wallacejustin@yahoo.com', 'hash86', 'Kupac'),
(87, 'moyergregory', 'Abigail', 'Stewart', 'jonathananderson@harmon-farrell.net', 'hash87', 'Kupac'),
(88, 'jessicaward', 'Kenneth', 'Wood', 'perryjames@gmail.com', 'hash88', 'Organizator'),
(89, 'tcampbell', 'Leslie', 'Morales', 'campbelljennifer@gmail.com', 'hash89', 'Kupac'),
(90, 'xaguilar', 'Amy', 'Cortez', 'osanchez@yahoo.com', 'hash90', 'Kupac'),
(91, 'joy88', 'Kevin', 'Lee', 'ymoss@hotmail.com', 'hash91', 'Kupac'),
(92, 'bryantamanda', 'Monica', 'Liu', 'annette25@hotmail.com', 'hash92', 'Organizator'),
(93, 'jamescannon', 'Ryan', 'Gamble', 'jeffreybryant@hotmail.com', 'hash93', 'Kupac'),
(94, 'uparks', 'Savannah', 'Hall', 'stanleyvicki@atkinson.com', 'hash94', 'Kupac'),
(95, 'aevans', 'Juan', 'Nash', 'dillondenise@hotmail.com', 'hash95', 'Kupac'),
(96, 'yoderdavid', 'Jacob', 'Jones', 'angelalee@hill.com', 'hash96', 'Organizator'),
(97, 'jamesdavis', 'Christina', 'Herring', 'gardnerdale@yahoo.com', 'hash97', 'Kupac'),
(98, 'monicawells', 'Michael', 'Williams', 'tamijohnson@kim.com', 'hash98', 'Kupac'),
(99, 'asalazar', 'Amy', 'Harris', 'casey74@rogers.com', 'hash99', 'Kupac'),
(100, 'carterjay', 'Micheal', 'Chan', 'jennifercastro@yahoo.com', 'hash100', 'Organizator'),
(101, 'pwilliams', 'Richard', 'Porter', 'davispeter@wilson-garcia.biz', 'hash101', 'Kupac'),
(102, 'uhill', 'Caroline', 'Perkins', 'rpeterson@gutierrez.com', 'hash102', 'Kupac'),
(103, 'robertsonstephanie', 'Megan', 'Nguyen', 'paulclark@butler.com', 'hash103', 'Kupac'),
(104, 'brett56', 'David', 'Garza', 'jeffrey41@allen.org', 'hash104', 'Organizator'),
(105, 'andrewcoleman', 'Roy', 'West', 'racheldavis@hotmail.com', 'hash105', 'Kupac'),
(106, 'jprice', 'Joseph', 'Fisher', 'stevenconner@hotmail.com', 'hash106', 'Kupac'),
(107, 'parksalyssa', 'Barbara', 'Harrington', 'mendozakimberly@yahoo.com', 'hash107', 'Kupac'),
(108, 'dguerrero', 'William', 'Jones', 'jonathangardner@evans-johnson.com', 'hash108', 'Organizator'),
(109, 'watsonshawna', 'Robert', 'Castro', 'phillipsvanessa@sullivan-parker.com', 'hash109', 'Kupac'),
(110, 'rhondahall', 'Nicole', 'Gonzales', 'martinjames@hotmail.com', 'hash110', 'Kupac'),
(111, 'rgarcia', 'Regina', 'Jones', 'kevinsnyder@harper.org', 'hash111', 'Kupac'),
(112, 'lsmith', 'Thomas', 'Meyers', 'carolyn11@martin-phillips.com', 'hash112', 'Organizator'),
(113, 'hollandjessica', 'Sarah', 'Alvarez', 'elizabeth05@gmail.com', 'hash113', 'Kupac'),
(114, 'isaiah12', 'Leah', 'Santos', 'twebb@burgess.com', 'hash114', 'Kupac'),
(115, 'lauraweaver', 'Kimberly', 'Lopez', 'mckinneyjack@gmail.com', 'hash115', 'Kupac'),
(116, 'jbeard', 'Michelle', 'Chaney', 'erinfields@payne.com', 'hash116', 'Organizator'),
(117, 'bowmanthomas', 'Lindsey', 'Mendoza', 'qschwartz@gmail.com', 'hash117', 'Kupac'),
(118, 'mflores', 'Katelyn', 'Salazar', 'ystrong@trujillo-barr.com', 'hash118', 'Kupac'),
(119, 'martinhoward', 'Renee', 'Davis', 'dominiquecordova@allen.net', 'hash119', 'Kupac'),
(120, 'thompsonbeth', 'Sally', 'Williams', 'hdavidson@barry.com', 'hash120', 'Organizator'),
(121, 'meredith08', 'Nicolas', 'Young', 'zromero@yahoo.com', 'hash121', 'Kupac'),
(122, 'nguyendeborah', 'Brandon', 'Faulkner', 'cooperfrank@smith-richardson.com', 'hash122', 'Kupac'),
(123, 'donaldmacias', 'Elizabeth', 'Bass', 'michael03@adams-pruitt.com', 'hash123', 'Kupac'),
(124, 'daniel39', 'Catherine', 'Nichols', 'anitacole@gmail.com', 'hash124', 'Organizator'),
(125, 'hailey77', 'Mark', 'Blair', 'mcintoshlaura@hotmail.com', 'hash125', 'Kupac'),
(126, 'sheilabuckley', 'Timothy', 'Rivera', 'megansimmons@gmail.com', 'hash126', 'Kupac'),
(127, 'dunnemily', 'Roger', 'Sparks', 'kenneth94@yahoo.com', 'hash127', 'Kupac'),
(128, 'stephaniebrown', 'Judy', 'Ingram', 'robertsheather@hotmail.com', 'hash128', 'Organizator'),
(129, 'dgreen', 'Michael', 'Cunningham', 'mccannjessica@brown-cross.com', 'hash129', 'Kupac'),
(130, 'fpetty', 'Shawn', 'Dominguez', 'qjimenez@yahoo.com', 'hash130', 'Kupac'),
(131, 'ihaley', 'Andrea', 'Simon', 'zhuynh@hotmail.com', 'hash131', 'Kupac'),
(132, 'arice', 'Glenda', 'Brown', 'ktaylor@barron-howe.info', 'hash132', 'Organizator'),
(133, 'jacob49', 'John', 'Valenzuela', 'mcmahonmichael@hotmail.com', 'hash133', 'Kupac'),
(134, 'michael90', 'Tyrone', 'Villanueva', 'jonathanwillis@gmail.com', 'hash134', 'Kupac'),
(135, 'ryan42', 'Heather', 'Ashley', 'samanthayoung@gmail.com', 'hash135', 'Kupac'),
(136, 'nicolehawkins', 'Caroline', 'Moreno', 'wendybenson@gmail.com', 'hash136', 'Organizator'),
(137, 'michelleburns', 'Tamara', 'Hansen', 'amber25@gmail.com', 'hash137', 'Kupac'),
(138, 'uconley', 'Randall', 'Gonzalez', 'ashleycook@hotmail.com', 'hash138', 'Kupac'),
(139, 'hford', 'Nicole', 'Torres', 'mcclurejessica@hotmail.com', 'hash139', 'Kupac'),
(140, 'caguirre', 'Robyn', 'Taylor', 'andrew56@wise.info', 'hash140', 'Organizator'),
(141, 'keith07', 'Amy', 'Montoya', 'higginshunter@yahoo.com', 'hash141', 'Kupac'),
(142, 'smarshall', 'Paige', 'Reynolds', 'williamsrichard@hotmail.com', 'hash142', 'Kupac'),
(143, 'garrett78', 'Brenda', 'White', 'hbryant@rojas.biz', 'hash143', 'Kupac'),
(144, 'leesamantha', 'Dale', 'Olson', 'jeremyyates@clarke-edwards.com', 'hash144', 'Organizator'),
(145, 'steverobinson', 'Sara', 'Austin', 'anthonyrichardson@sexton-valdez.com', 'hash145', 'Kupac'),
(146, 'christina97', 'John', 'Richards', 'webbamy@yahoo.com', 'hash146', 'Kupac'),
(147, 'jonathanjones', 'Gina', 'Smith', 'michaelcarpenter@kent.com', 'hash147', 'Kupac'),
(148, 'dannypacheco', 'Douglas', 'Watkins', 'bryanjensen@yahoo.com', 'hash148', 'Organizator'),
(149, 'amygibson', 'Andrew', 'Perez', 'evancunningham@blankenship-lee.com', 'hash149', 'Kupac'),
(150, 'jeffreymcdonald', 'James', 'Pearson', 'josejones@hotmail.com', 'hash150', 'Kupac'),
(151, 'maria75', 'Shawn', 'Cervantes', 'michael28@gmail.com', 'hash151', 'Kupac'),
(152, 'dhowell', 'Bethany', 'Smith', 'whitney70@allen.org', 'hash152', 'Organizator'),
(153, 'ccox', 'Teresa', 'Robbins', 'emilygarrison@gmail.com', 'hash153', 'Kupac'),
(154, 'tuckerjesus', 'Jason', 'Ward', 'xsmith@gmail.com', 'hash154', 'Kupac'),
(155, 'lucasclifford', 'David', 'Weaver', 'debrakim@jenkins.com', 'hash155', 'Kupac'),
(156, 'lisa37', 'Edward', 'Martin', 'ojennings@flores.com', 'hash156', 'Organizator'),
(157, 'ricky01', 'Katherine', 'Taylor', 'jenniferwiggins@yahoo.com', 'hash157', 'Kupac'),
(158, 'ibridges', 'Joy', 'Clark', 'mwhitehead@mitchell.info', 'hash158', 'Kupac'),
(159, 'michael40', 'Shane', 'Allen', 'james10@gmail.com', 'hash159', 'Kupac'),
(160, 'joshua81', 'Pamela', 'Watkins', 'karen82@hotmail.com', 'hash160', 'Organizator'),
(161, 'campbellgabriel', 'Stefanie', 'Morris', 'banderson@mays.com', 'hash161', 'Kupac'),
(162, 'rharris', 'Christopher', 'Mendez', 'richardbrown@yahoo.com', 'hash162', 'Kupac'),
(163, 'rebecca14', 'Rhonda', 'Cunningham', 'anitadavila@gmail.com', 'hash163', 'Kupac'),
(164, 'nicolebaker', 'David', 'West', 'phamkaitlin@meyer.com', 'hash164', 'Organizator'),
(165, 'fhawkins', 'Michael', 'Garcia', 'xpowers@yahoo.com', 'hash165', 'Kupac'),
(166, 'nealbrian', 'William', 'Castillo', 'mjordan@yahoo.com', 'hash166', 'Kupac'),
(167, 'silvajesus', 'Nicholas', 'Smith', 'robertgibson@anderson.net', 'hash167', 'Kupac'),
(168, 'mendozalori', 'Sierra', 'Moreno', 'tonygreen@sullivan-mason.com', 'hash168', 'Organizator'),
(169, 'dawn26', 'James', 'Miller', 'woodkiara@hotmail.com', 'hash169', 'Kupac'),
(170, 'pbriggs', 'Jason', 'Wood', 'brooke93@myers.info', 'hash170', 'Kupac'),
(171, 'michellejefferson', 'Debra', 'Cruz', 'janderson@gmail.com', 'hash171', 'Kupac'),
(172, 'molinamichael', 'Michael', 'Hill', 'bradleycox@sullivan-walker.biz', 'hash172', 'Organizator'),
(173, 'paulsmith', 'John', 'Glenn', 'bwilliams@yahoo.com', 'hash173', 'Kupac'),
(174, 'shieldstroy', 'Aaron', 'Lopez', 'robersonwilliam@gmail.com', 'hash174', 'Kupac'),
(175, 'bware', 'Evan', 'Harrington', 'thomasrose@butler.com', 'hash175', 'Kupac'),
(176, 'gravesryan', 'Rebecca', 'Parker', 'thomas40@foster-thompson.com', 'hash176', 'Organizator'),
(177, 'andersonmary', 'Gary', 'Williams', 'christopher83@sutton.com', 'hash177', 'Kupac'),
(178, 'fkeller', 'Steven', 'Williamson', 'ybell@cole.com', 'hash178', 'Kupac'),
(179, 'leahcarey', 'Thomas', 'Anderson', 'plynch@yahoo.com', 'hash179', 'Kupac'),
(180, 'maciasdavid', 'Amanda', 'Moore', 'yharris@gmail.com', 'hash180', 'Organizator'),
(181, 'karen19', 'Michael', 'Gomez', 'carrjean@gmail.com', 'hash181', 'Kupac'),
(182, 'erikareeves', 'David', 'Young', 'jacksondennis@gmail.com', 'hash182', 'Kupac'),
(183, 'patrick21', 'Vincent', 'Luna', 'melissa04@rodriguez.com', 'hash183', 'Kupac'),
(184, 'lori27', 'Lisa', 'Moss', 'walshmichael@irwin.com', 'hash184', 'Organizator'),
(185, 'yalvarado', 'Joshua', 'Boyle', 'zpeck@gmail.com', 'hash185', 'Kupac'),
(186, 'robertsonjesus', 'Jeffrey', 'Rodriguez', 'rachellawson@morgan.com', 'hash186', 'Kupac'),
(187, 'harveymary', 'Jeffery', 'Thomas', 'joshuagarcia@yahoo.com', 'hash187', 'Kupac'),
(188, 'wkim', 'Charles', 'Landry', 'gwalker@lindsey-smith.com', 'hash188', 'Organizator'),
(189, 'kmcintyre', 'Craig', 'Anderson', 'reneecook@gonzalez.com', 'hash189', 'Kupac'),
(190, 'cmorton', 'Scott', 'Brown', 'anthonymcdonald@padilla.com', 'hash190', 'Kupac'),
(191, 'hannah64', 'Shannon', 'Lee', 'timothy70@hotmail.com', 'hash191', 'Kupac'),
(192, 'julianfinley', 'James', 'Murphy', 'xwilkins@aguilar.com', 'hash192', 'Organizator'),
(193, 'joseali', 'Tracy', 'Kelly', 'hjohnson@thompson.com', 'hash193', 'Kupac'),
(194, 'aconley', 'Dalton', 'Gray', 'bandrade@rangel.com', 'hash194', 'Kupac'),
(195, 'smithamanda', 'Eric', 'Rogers', 'kelleylisa@jones.org', 'hash195', 'Kupac'),
(196, 'vmitchell', 'Tara', 'Nguyen', 'pattymoore@lee.org', 'hash196', 'Organizator'),
(197, 'watsonsydney', 'Steven', 'Davidson', 'cindy01@gmail.com', 'hash197', 'Kupac'),
(198, 'cassandra32', 'Robert', 'Bell', 'lee05@yahoo.com', 'hash198', 'Kupac'),
(199, 'samanthaboyd', 'Katie', 'Rojas', 'michaelgonzalez@cervantes.com', 'hash199', 'Kupac'),
(200, 'nelsonjohn', 'Curtis', 'Trujillo', 'wyattstacey@johnson.net', 'hash200', 'Organizator');

INSERT INTO ponuda (ponuda_id, naziv, opis, cijena, kategorija) VALUES
(1, 'Perform.', 'Will black finally mean.', 294.58, 'Usluga'),
(2, 'Fund rather.', 'Form have save. Begin better language himself.', 1405.28, 'Prostor'),
(3, 'Spend state.', 'Through major prevent writer themselves mouth.', 1177.12, 'Catering'),
(4, 'Experience that.', 'Paper place mention ball point note control.', 1481.03, 'Piće'),
(5, 'Range.', 'Together interesting kitchen itself remember.', 416.68, 'Catering'),
(6, 'Down.', 'Serve only visit everyone if.', 1748.5, 'Rekviziti'),
(7, 'Center.', 'Security deal work must.', 1015.11, 'Piće'),
(8, 'Point attention.', 'Charge would him charge. Cut act attack.', 1060.94, 'Piće'),
(9, 'Paper necessary.', 'Address center your herself.', 159.14, 'Piće'),
(10, 'Activity thus.', 'Which develop eight sister.', 494.51, 'Usluga'),
(11, 'Keep.', 'Fly imagine personal pay including wonder.', 871.24, 'Catering'),
(12, 'My.', 'Effect federal focus thought page attack share.', 937.03, 'Prostor'),
(13, 'Behind.', 'Theory interest from a beautiful third.', 674.56, 'Catering'),
(14, 'Fly eye.', 'Ball again whole black change rich pay.', 517.66, 'Rekviziti'),
(15, 'Note daughter.', 'Race pressure read late body.', 1485.27, 'Prostor'),
(16, 'Travel guess.', 'Fill evening within too.', 1128.87, 'Catering'),
(17, 'Green seem.', 'Some production gun thing.', 1600.97, 'Usluga'),
(18, 'Cold company.', 'Happen kid issue.', 1301.4, 'Catering'),
(19, 'Piece.', 'Health turn bank mission media subject.', 1695.92, 'Prostor'),
(20, 'Spend wear.', 'Major establish environmental local.', 1019.55, 'Prostor'),
(21, 'Everybody his.', 'Itself actually audience.', 1939.57, 'Usluga'),
(22, 'Difference son.', 'Reveal site its collection.', 515.77, 'Rekviziti'),
(23, 'And.', 'Carry every bar person.', 1152.39, 'Rekviziti'),
(24, 'Sometimes.', 'Fall modern model just air hope.', 468.32, 'Catering'),
(25, 'Skin.', 'Under win speech this five majority near police.', 853.6, 'Prostor'),
(26, 'Concern professional.', 'Office pattern space see participant week.', 387.94, 'Prostor'),
(27, 'Career.', 'Movement group wish drug understand.', 406.8, 'Catering'),
(28, 'Ground.', 'People give growth method.', 1150.05, 'Prostor'),
(29, 'Very.', 'Lawyer less argue away indicate may democratic.', 1884.0, 'Prostor'),
(30, 'Line.', 'Indicate show region.', 564.8, 'Catering'),
(31, 'Else weight.', 'Court consumer represent nature trade her agree.', 1748.44, 'Prostor'),
(32, 'Radio.', 'Accept yard culture.', 698.77, 'Usluga'),
(33, 'Morning hotel.', 'Job different now large man but face ahead.', 877.52, 'Usluga'),
(34, 'Must.', 'Grow car create off present board son similar.', 1580.21, 'Usluga'),
(35, 'System company.', 'Guess test maybe. Light baby quality group.', 188.62, 'Piće'),
(36, 'Develop theory.', 'Without notice cut seven response call operation.', 1936.89, 'Rekviziti'),
(37, 'Each boy.', 'Look message card writer.', 1369.23, 'Prostor'),
(38, 'Early.', 'Power these city own image.', 834.76, 'Usluga'),
(39, 'Collection crime.', 'Stay music for yeah become.', 1761.29, 'Catering'),
(40, 'Nature.', 'Have ask night different us myself.', 432.18, 'Rekviziti'),
(41, 'Cover.', 'Young record author situation.', 1113.57, 'Rekviziti'),
(42, 'Reach.', 'Oil quality range size eye effort activity.', 428.12, 'Catering'),
(43, 'Material eat.', 'Establish threat others.', 1469.05, 'Catering'),
(44, 'Tv science.', 'Suddenly worry maybe else.', 113.19, 'Prostor'),
(45, 'Note.', 'Listen read fast discuss.', 1527.45, 'Piće'),
(46, 'Toward.', 'Manage another board.', 1193.58, 'Rekviziti'),
(47, 'According.', 'Information total cold view toward.', 698.65, 'Rekviziti'),
(48, 'Trade.', 'Such every program eye this product.', 327.88, 'Usluga'),
(49, 'Skill language.', 'Southern herself continue church.', 1329.73, 'Rekviziti'),
(50, 'Design receive.', 'Treatment may traditional loss me body defense.', 1039.74, 'Prostor'),
(51, 'Weight.', 'Themselves home table also free modern while.', 1734.55, 'Rekviziti'),
(52, 'Skin ahead.', 'Cup manager study dinner prove close perhaps.', 122.97, 'Piće'),
(53, 'Perhaps point.', 'Skin probably the discover operation.', 365.72, 'Usluga'),
(54, 'Prepare.', 'Sort east list hope respond.', 1632.58, 'Prostor'),
(55, 'City protect.', 'Amount game sister. Late leave style hot.', 1585.07, 'Prostor'),
(56, 'Wait board.', 'Some teacher third.', 1270.35, 'Catering'),
(57, 'They.', 'Radio beyond stock political start.', 392.6, 'Usluga'),
(58, 'Wear science.', 'Field court those anything military computer.', 1898.08, 'Piće'),
(59, 'Enough watch.', 'Bar when several itself total better machine.', 117.56, 'Prostor'),
(60, 'Style.', 'Stay will animal response each stop.', 1083.95, 'Catering'),
(61, 'Language.', 'The machine successful citizen.', 1875.1, 'Usluga'),
(62, 'Hit.', 'Hour art young same risk.', 287.51, 'Usluga'),
(63, 'Future.', 'Building new keep employee what set suffer.', 1185.34, 'Piće'),
(64, 'Reach blue.', 'Teacher myself option whose course strong.', 407.84, 'Usluga'),
(65, 'Medical.', 'Imagine bar several thank success.', 1996.91, 'Prostor'),
(66, 'Cultural adult.', 'Management figure tonight participant.', 1414.77, 'Prostor'),
(67, 'Chair.', 'Occur Republican opportunity child generation.', 1036.68, 'Rekviziti'),
(68, 'Evening.', 'Then agreement respond draw turn keep management.', 337.47, 'Prostor'),
(69, 'Wall behavior.', 'Series economy strong president.', 280.03, 'Prostor'),
(70, 'Blood.', 'Decide cup sister building officer win how.', 1921.93, 'Catering'),
(71, 'Today more.', 'West positive price. Accept theory he.', 1128.69, 'Prostor'),
(72, 'For moment.', 'American hear yard perhaps population.', 984.88, 'Catering'),
(73, 'Everything.', 'Power image cup season head career big.', 564.89, 'Piće'),
(74, 'Responsibility recognize.', 'Past blood subject care day possible.', 1572.79, 'Rekviziti'),
(75, 'Book herself.', 'Time trouble amount somebody trial huge.', 1785.32, 'Piće'),
(76, 'General art.', 'Certainly analysis dog brother.', 1351.05, 'Catering'),
(77, 'Figure.', 'Meeting product expert image.', 241.56, 'Usluga'),
(78, 'True.', 'Ago I four action finish close.', 1628.98, 'Usluga'),
(79, 'Open.', 'Soon TV third establish action country produce.', 1021.46, 'Rekviziti'),
(80, 'Instead whose.', 'What beat must represent less worker impact.', 1477.11, 'Catering'),
(81, 'Doctor hundred.', 'Spend fast relationship choose bar.', 501.94, 'Rekviziti'),
(82, 'Return.', 'Cup organization say put thing condition.', 1910.98, 'Catering'),
(83, 'Color.', 'Example look something.', 1671.35, 'Rekviziti'),
(84, 'Many teacher.', 'Least beautiful adult line.', 948.85, 'Rekviziti'),
(85, 'Source order.', 'Not movie story wife people.', 939.65, 'Piće'),
(86, 'Century.', 'Soon she decision cultural pass wonder.', 896.73, 'Rekviziti'),
(87, 'Do.', 'Serve natural say floor main.', 1992.33, 'Catering'),
(88, 'Authority street.', 'Name war performance born carry public think.', 154.86, 'Piće'),
(89, 'Grow these.', 'News enjoy wall continue carry hundred.', 845.26, 'Prostor'),
(90, 'My cut.', 'Water example may style order rich.', 1346.45, 'Rekviziti'),
(91, 'Blood medical.', 'Experience process though.', 1574.81, 'Catering'),
(92, 'A much.', 'Wife entire agree growth student must.', 959.33, 'Catering'),
(93, 'Defense another.', 'Beautiful type decade land they region.', 219.21, 'Catering'),
(94, 'Interesting owner.', 'Onto sport recognize drug woman most.', 972.65, 'Usluga'),
(95, 'Consider interview.', 'World major energy sign far base.', 522.97, 'Usluga'),
(96, 'Expert.', 'Thus require skill heart than three.', 1498.03, 'Rekviziti'),
(97, 'Agree science.', 'Among rock condition no effect.', 611.55, 'Catering'),
(98, 'Boy international.', 'Hundred arm coach your.', 1602.87, 'Usluga'),
(99, 'Statement best.', 'Father break down manage.', 207.46, 'Catering'),
(100, 'Surface nation.', 'Purpose body goal. Per walk half big leader.', 554.87, 'Usluga');

INSERT INTO prostor (prostor_id, adresa, kapacitet) VALUES
(69, '3127 Mark Land Suite 063 Adamsberg, VA 23305', 73),
(61, '20382 Ryan Lane Apt. 093 Shaneshire, SC 51329', 99),
(67, '54078 Salazar Motorway Suite 288 Mccormickfort, AZ 93707', 123),
(34, '8374 Wood Burgs Apt. 910 New Tanner, IN 30251', 241),
(66, '1352 Lisa Lodge Mccarthytown, TX 78579', 119),
(60, 'PSC 3587, Box 2967 APO AA 62907', 94),
(14, '588 Yvette Landing Melanieburgh, MT 60758', 136),
(45, '31360 Jenny Brooks South Timothyfurt, AZ 40762', 169),
(79, 'PSC 5153, Box 5407 APO AE 52143', 194),
(59, '2937 Sandra Spurs Suite 451 Richardborough, DE 55296', 291),
(100, '01705 Smith Ridge Apt. 853 Fletcherborough, MA 99879', 263),
(4, '6834 Seth Ford Greenside, OK 70782', 178),
(7, '029 Michael Keys Apt. 414 South Phillipfort, MN 94052', 219),
(53, '43932 Raymond View Suite 091 Port Melissashire, OK 56493', 86),
(65, 'USNS Salazar FPO AE 49964', 224),
(98, '428 Thomas Skyway South Pamela, HI 58064', 122),
(28, '7717 Marvin Fork Suite 103 New Jerry, MO 96859', 224),
(86, 'USNV Norris FPO AE 77700', 233),
(43, 'PSC 7302, Box 7532 APO AE 37963', 154),
(50, '111 Jason Rest Suite 012 New Jessicashire, MT 41275', 245),
(77, '2053 Zuniga Parkways Apt. 854 West Christine, MS 22572', 228),
(3, '283 Ryan Tunnel Apt. 977 Matthewbury, CT 71809', 172),
(71, 'Unit 2579 Box 1793 DPO AE 55604', 145),
(26, '9887 Smith Parkway Apt. 067 Stonebury, NJ 04882', 293),
(6, '949 Mario Motorway Apt. 056 Valerieshire, ID 16171', 218),
(44, '34037 Sullivan Cove Suite 353 New Seth, MT 99940', 183),
(31, '4251 Davis Flat Lake Jeffrey, ND 92659', 104),
(39, '381 Hendricks Fort Port Aaronfurt, CA 71542', 162),
(36, '5173 Mia Center Apt. 480 Johnsonmouth, MO 88685', 186),
(27, '58842 Ryan Cliffs Apt. 149 Tiffanyview, OK 46943', 103);

INSERT INTO dogadjaj (dogadjaj_id, naziv, opis, korisnik_id, prostor_id) VALUES
(1, 'Automated actuating help-desk', 'Sea notice drive. Why image pass.', 184, 44),
(2, 'Innovative actuating parallelism', 'Wall agent fill degree. Hear with course opportunity. Month customer share maybe head.', 60, 7),
(3, 'Reverse-engineered real-time projection', 'Seek kind arm.', 64, 50),
(4, 'Seamless mobile conglomeration', 'As foot fast data include then five. So officer likely north keep type.', 44, 7),
(5, 'Object-based local workforce', 'Build very story thank magazine. Bill on he type doctor catch.', 36, 26),
(6, 'Universal object-oriented toolset', 'Risk mention admit. In agree expect level crime manager everyone.', 112, 4),
(7, 'Public-key modular open architecture', 'Lot red skin politics red mouth. Operation threat key guy major. Wife gas more seem could develop.', 176, 27),
(8, 'Virtual eco-centric collaboration', 'Worker street state you.
Benefit up mouth perhaps human resource.', 8, 34),
(9, 'Triple-buffered holistic superstructure', 'Find deep left hope product. Continue against their sit discover.', 172, 67),
(10, 'Business-focused 24hour functionalities', 'If draw unit try something create Republican. Tend management already adult success assume.', 52, 86),
(11, 'Exclusive well-modulated structure', 'Campaign tell system long.
It yet how physical. Color allow old six appear clearly explain.', 96, 26),
(12, 'Extended exuding projection', 'Common man sell. Attention speech better. Day age him food sound statement turn.', 124, 67),
(13, 'Exclusive uniform product', 'Allow school wonder sign thousand once thousand.', 196, 28),
(14, 'Programmable multi-tasking time-frame', 'Region up range listen.', 76, 44),
(15, 'Persistent disintermediate groupware', 'Force on far truth try service. Opportunity movie tell center politics can.', 112, 100),
(16, 'Monitored multi-state functionalities', 'Night too need authority senior. Million right notice seat. History always person matter light.', 60, 26),
(17, 'Re-contextualized contextually-based neural-net', 'These prepare door significant specific accept. Remain spend make open.', 180, 60),
(18, 'Inverse stable ability', 'Next modern cultural rather. Beautiful happy already act. Attention quality wall base.', 172, 3),
(19, 'Optional disintermediate standardization', 'Several play itself success eight three. Event wife out yes.', 148, 43),
(20, 'Visionary encompassing portal', 'Write quality across listen buy late general. Sister apply recently manager hand admit ready.', 136, 100),
(21, 'Right-sized exuding throughput', 'Tv huge those seek remain. Stop claim process painting amount.', 132, 14),
(22, 'Monitored multimedia utilization', 'Next black major. Discussion ever feeling east sister.', 80, 27),
(23, 'Centralized mission-critical capability', 'Main possible capital organization system these eye. Gas price travel five foot look remain.', 156, 66),
(24, 'Reverse-engineered interactive hardware', 'Bank four than. I exist because where white catch skill.', 60, 36),
(25, 'Assimilated clear-thinking analyzer', 'Into question market minute however dark time chance.', 184, 43),
(26, 'Persevering local Graphical User Interface', 'Ground without five. Tell nice safe ground condition.', 184, 79),
(27, 'Grass-roots foreground methodology', 'Black article decide beautiful. Possible society national put anything east.', 32, 31),
(28, 'Digitized web-enabled system engine', 'Forget though forward dog just hospital. Strategy difference real suggest no art.', 12, 14),
(29, 'Implemented 3rdgeneration artificial intelligence', 'Like stock community eat yourself natural knowledge radio.', 68, 66),
(30, 'Ergonomic regional challenge', 'Agree theory trade. Car forward then one site more miss wind. City up world tell.', 36, 26),
(31, 'Down-sized logistical toolset', 'Those soon hand. Relationship door effort hour fish.', 24, 45),
(32, 'Polarized hybrid encryption', 'Pick billion under raise. Likely believe other hospital.', 144, 59),
(33, 'Profit-focused web-enabled help-desk', 'Little none sing finish writer claim deep. Race soon attorney four man agreement.', 16, 34),
(34, 'Stand-alone client-driven ability', 'Quickly at consider particular. Bank simply not increase.', 52, 31),
(35, 'Persistent optimizing analyzer', 'Police since exist job yeah. Perhaps help arm suggest exist.', 68, 71),
(36, 'Fundamental intangible throughput', 'View front court push. Office lead bad real kind month.', 148, 100),
(37, 'Quality-focused value-added forecast', 'Fall image concern affect discussion less discuss own. Hand side call interesting.', 84, 34),
(38, 'Multi-layered real-time paradigm', 'Forget without do its increase bag compare understand. Similar couple own lead do himself scene.', 164, 7),
(39, 'Implemented hybrid circuit', 'Chance concern color hope.', 200, 26),
(40, 'Inverse fresh-thinking challenge', 'Ask war born include eight look food. Few charge seat on. And future suffer language.', 60, 59),
(41, 'Quality-focused 4thgeneration flexibility', 'Strong foreign early let election white. Family whole anything five.', 196, 27),
(42, 'Persevering national superstructure', 'Statement reach impact skill decision. Agency physical people wall sea affect note best.', 88, 31),
(43, 'Profit-focused reciprocal intranet', 'Over fill tree gas. Skill say matter small. Left notice tell.', 124, 39),
(44, 'Cloned 24hour conglomeration', 'Home able send. Sport whether or word. Write wear early field in such consumer.', 20, 98),
(45, 'Managed systemic framework', 'Sign agree produce help. State site provide war. Bill cut bank quite card ago.', 92, 7),
(46, 'Persistent non-volatile conglomeration', 'Word experience what. Race memory reason real continue. Set race form cultural industry east much.', 108, 59),
(47, 'Synchronized systematic process improvement', 'Bar beautiful fight body. Civil participant state consumer. Rise why store wrong compare many.', 192, 3),
(48, 'Programmable local paradigm', 'Body spring purpose.
Allow country film work. Practice in could parent.', 120, 69),
(49, 'Fundamental systemic middleware', 'Husband member goal force season require each south. Break spend he.', 188, 77),
(50, 'Public-key multi-state success', 'Quickly value practice office tree. Natural approach like writer check.', 12, 79),
(51, 'Secured logistical infrastructure', 'Fear far least opportunity. Five anyone sometimes put allow laugh up.', 120, 31),
(52, 'Intuitive intermediate help-desk', 'Girl although program community national drug. Born eat also most. Nice new wonder.', 92, 79),
(53, 'Customer-focused maximized alliance', 'When event health table group. Force agree buy physical.', 184, 79),
(54, 'Progressive dedicated implementation', 'Doctor expect suggest tax poor.', 92, 53),
(55, 'Cross-platform static capability', 'Wait state nothing one must. Piece peace community despite east.', 8, 65),
(56, 'Right-sized uniform open architecture', 'Figure on safe at. Like act prove point land. Stock son young say.', 176, 26),
(57, 'User-centric bi-directional firmware', 'Perhaps thing address. Although interesting current.', 104, 4),
(58, 'Monitored stable interface', 'Life science word. Officer economy three him.', 124, 67),
(59, 'Realigned human-resource implementation', 'Push fact line radio direction. Trouble dog dog.', 144, 100),
(60, 'Distributed multi-state implementation', 'She argue couple be. There computer smile south charge. Consumer rule involve piece fill.', 36, 27),
(61, 'Triple-buffered non-volatile system engine', 'Why major read. Soldier man although.', 124, 50),
(62, 'Customizable uniform flexibility', 'Shoulder magazine light cover. Drop detail heart ability inside.', 96, 79),
(63, 'Public-key background Graphic Interface', 'Take most challenge article. Store thing style.', 48, 14),
(64, 'Expanded systemic time-frame', 'Class color her rather they region. Born important week list like. Box receive win together.', 56, 14),
(65, 'Cross-platform non-volatile attitude', 'Thus voice smile reveal recent nearly section. General chance source show you shake.', 20, 71),
(66, 'Organic human-resource infrastructure', 'Positive choose stage door board. Beat weight product. Trial more TV medical.', 12, 77),
(67, 'Synergized coherent knowledge user', 'Right across place her raise. Tax pretty realize police.', 180, 34),
(68, 'Diverse user-facing definition', 'Hotel service rest.
Money speech east. Do meeting side list.', 60, 44),
(69, 'Distributed grid-enabled strategy', 'Clear one nothing continue conference. Whom return material.', 52, 59),
(70, 'Vision-oriented non-volatile database', 'Enter event president mean reflect. Wife reason artist account too team.', 40, 86),
(71, 'Synchronized maximized orchestration', 'Finish then indeed. Into enter law we from. Create total performance office.', 68, 27),
(72, 'Cross-group logistical groupware', 'Other draw hundred. Painting free ahead nothing music raise. Them wear other course any something.', 20, 66),
(73, 'Monitored content-based policy', 'Outside language bar occur news interview somebody. Measure half base read represent including.', 108, 86),
(74, 'Vision-oriented regional attitude', 'Whose total attorney wait late image teacher apply. Task weight will board.', 56, 66),
(75, 'Horizontal intermediate software', 'Offer perform simple person raise sort. Food conference bad Republican.', 136, 14),
(76, 'Managed scalable solution', 'Test house shoulder time. Character speak high painting and deal simply.', 152, 31),
(77, 'Assimilated impactful groupware', 'Church none me two energy floor economic. Board travel his from base different so.', 88, 26),
(78, 'Object-based bandwidth-monitored application', 'Technology medical her lead instead your series. Hotel indicate they PM different forget.', 120, 53),
(79, 'Re-engineered full-range encryption', 'Such option listen thousand nature oil. Exist general camera face professional resource treat.', 172, 61),
(80, 'Operative explicit database', 'Determine PM able head rather together.', 184, 79);

INSERT INTO dogadjaj_ponuda (dogadjaj_id, ponuda_id) VALUES
(1, 4),
(1, 90),
(2, 42),
(2, 28),
(2, 56),
(3, 82),
(3, 2),
(4, 91),
(4, 57),
(4, 74),
(4, 72),
(5, 84),
(5, 18),
(6, 41),
(6, 100),
(6, 16),
(7, 5),
(7, 82),
(7, 33),
(7, 78),
(7, 68),
(8, 34),
(8, 32),
(8, 89),
(8, 36),
(9, 30),
(9, 27),
(9, 29),
(9, 80),
(10, 9),
(10, 21),
(10, 18),
(11, 30),
(11, 93),
(11, 71),
(11, 91),
(12, 5),
(12, 27),
(12, 100),
(13, 98),
(13, 74),
(13, 64),
(14, 72),
(14, 31),
(15, 97),
(15, 24),
(16, 75),
(16, 68),
(16, 96),
(17, 35),
(17, 69),
(18, 84),
(18, 79),
(18, 100),
(18, 13),
(18, 33),
(19, 17),
(19, 8),
(20, 64),
(20, 79),
(20, 71),
(20, 59),
(21, 52),
(21, 82),
(22, 73),
(22, 28),
(22, 31),
(22, 89),
(22, 20),
(23, 93),
(23, 29),
(23, 20),
(24, 77),
(24, 63),
(24, 19),
(24, 3),
(24, 100),
(25, 7),
(25, 47),
(25, 37),
(25, 64),
(25, 62),
(26, 30),
(26, 26),
(27, 59),
(27, 17),
(28, 74),
(28, 84),
(28, 9),
(28, 41),
(29, 86),
(29, 42),
(29, 10),
(30, 48),
(30, 16),
(30, 84),
(30, 69),
(30, 62),
(31, 58),
(31, 45),
(31, 7),
(32, 60),
(32, 31),
(32, 50),
(32, 37),
(33, 58),
(33, 35),
(33, 64),
(33, 45),
(33, 86),
(34, 39),
(34, 88),
(34, 19),
(35, 83),
(35, 73),
(35, 90),
(35, 12),
(36, 39),
(36, 97),
(36, 47),
(36, 82),
(36, 46),
(37, 88),
(37, 84),
(38, 43),
(38, 96),
(38, 57),
(38, 92),
(39, 57),
(39, 93),
(39, 30),
(39, 8),
(39, 10),
(40, 4),
(40, 20),
(40, 76),
(40, 45),
(40, 94),
(41, 48),
(41, 57),
(41, 24),
(41, 31),
(42, 5),
(42, 16),
(43, 13),
(43, 53),
(44, 59),
(44, 53),
(45, 79),
(45, 56),
(45, 26),
(45, 47),
(45, 80),
(46, 41),
(46, 79),
(47, 71),
(47, 97),
(48, 46),
(48, 1),
(49, 76),
(49, 35),
(49, 39),
(50, 18),
(50, 56),
(50, 90),
(50, 91),
(51, 22),
(51, 49),
(51, 79),
(51, 56),
(52, 56),
(52, 98),
(52, 99),
(53, 52),
(53, 61),
(53, 95),
(54, 7),
(54, 23),
(54, 6),
(54, 47),
(55, 93),
(55, 18),
(55, 76),
(56, 23),
(56, 74),
(56, 76),
(56, 26),
(56, 87),
(57, 14),
(57, 85),
(57, 29),
(57, 30),
(58, 33),
(58, 51),
(58, 62),
(58, 21),
(59, 24),
(59, 48),
(59, 81),
(59, 21),
(60, 86),
(60, 25),
(60, 83),
(60, 49),
(60, 48),
(61, 67),
(61, 66),
(61, 19),
(62, 57),
(62, 35),
(63, 59),
(63, 90),
(64, 77),
(64, 9),
(64, 57),
(65, 61),
(65, 43),
(66, 79),
(66, 15),
(66, 20),
(66, 32),
(66, 2),
(67, 19),
(67, 65),
(67, 49),
(67, 34),
(68, 97),
(68, 50),
(68, 64),
(69, 95),
(69, 32),
(70, 65),
(70, 37),
(70, 89),
(70, 53),
(70, 5),
(71, 3),
(71, 50),
(72, 27),
(72, 96),
(72, 66),
(72, 51),
(73, 48),
(73, 70),
(73, 53),
(73, 45),
(73, 66),
(74, 30),
(74, 67),
(74, 15),
(74, 32),
(75, 86),
(75, 93),
(75, 30),
(75, 82),
(76, 71),
(76, 29),
(76, 90),
(77, 48),
(77, 64),
(77, 53),
(78, 9),
(78, 50),
(78, 40),
(78, 74),
(78, 38),
(79, 28),
(79, 51),
(79, 37),
(80, 65),
(80, 24),
(80, 47),
(80, 74),
(80, 32);

INSERT INTO slika (slika_id, url, ponuda_id) VALUES
(1, 'https://picsum.photos/200/300?random=1', 16),
(2, 'https://picsum.photos/200/300?random=2', 46),
(3, 'https://picsum.photos/200/300?random=3', 2),
(4, 'https://picsum.photos/200/300?random=4', 21),
(5, 'https://picsum.photos/200/300?random=5', 70),
(6, 'https://picsum.photos/200/300?random=6', 28),
(7, 'https://picsum.photos/200/300?random=7', 69),
(8, 'https://picsum.photos/200/300?random=8', 36),
(9, 'https://picsum.photos/200/300?random=9', 20),
(10, 'https://picsum.photos/200/300?random=10', 68),
(11, 'https://picsum.photos/200/300?random=11', 69),
(12, 'https://picsum.photos/200/300?random=12', 24),
(13, 'https://picsum.photos/200/300?random=13', 76),
(14, 'https://picsum.photos/200/300?random=14', 96),
(15, 'https://picsum.photos/200/300?random=15', 87),
(16, 'https://picsum.photos/200/300?random=16', 37),
(17, 'https://picsum.photos/200/300?random=17', 82),
(18, 'https://picsum.photos/200/300?random=18', 97),
(19, 'https://picsum.photos/200/300?random=19', 28),
(20, 'https://picsum.photos/200/300?random=20', 37),
(21, 'https://picsum.photos/200/300?random=21', 24),
(22, 'https://picsum.photos/200/300?random=22', 28),
(23, 'https://picsum.photos/200/300?random=23', 9),
(24, 'https://picsum.photos/200/300?random=24', 61),
(25, 'https://picsum.photos/200/300?random=25', 39),
(26, 'https://picsum.photos/200/300?random=26', 95),
(27, 'https://picsum.photos/200/300?random=27', 84),
(28, 'https://picsum.photos/200/300?random=28', 62),
(29, 'https://picsum.photos/200/300?random=29', 53),
(30, 'https://picsum.photos/200/300?random=30', 61),
(31, 'https://picsum.photos/200/300?random=31', 100),
(32, 'https://picsum.photos/200/300?random=32', 51),
(33, 'https://picsum.photos/200/300?random=33', 4),
(34, 'https://picsum.photos/200/300?random=34', 1),
(35, 'https://picsum.photos/200/300?random=35', 71),
(36, 'https://picsum.photos/200/300?random=36', 33),
(37, 'https://picsum.photos/200/300?random=37', 86),
(38, 'https://picsum.photos/200/300?random=38', 83),
(39, 'https://picsum.photos/200/300?random=39', 38),
(40, 'https://picsum.photos/200/300?random=40', 73),
(41, 'https://picsum.photos/200/300?random=41', 78),
(42, 'https://picsum.photos/200/300?random=42', 75),
(43, 'https://picsum.photos/200/300?random=43', 58),
(44, 'https://picsum.photos/200/300?random=44', 20),
(45, 'https://picsum.photos/200/300?random=45', 42),
(46, 'https://picsum.photos/200/300?random=46', 78),
(47, 'https://picsum.photos/200/300?random=47', 57),
(48, 'https://picsum.photos/200/300?random=48', 21),
(49, 'https://picsum.photos/200/300?random=49', 57),
(50, 'https://picsum.photos/200/300?random=50', 16),
(51, 'https://picsum.photos/200/300?random=51', 32),
(52, 'https://picsum.photos/200/300?random=52', 1),
(53, 'https://picsum.photos/200/300?random=53', 35),
(54, 'https://picsum.photos/200/300?random=54', 56),
(55, 'https://picsum.photos/200/300?random=55', 20),
(56, 'https://picsum.photos/200/300?random=56', 78),
(57, 'https://picsum.photos/200/300?random=57', 54),
(58, 'https://picsum.photos/200/300?random=58', 38),
(59, 'https://picsum.photos/200/300?random=59', 57),
(60, 'https://picsum.photos/200/300?random=60', 71),
(61, 'https://picsum.photos/200/300?random=61', 88),
(62, 'https://picsum.photos/200/300?random=62', 57),
(63, 'https://picsum.photos/200/300?random=63', 2),
(64, 'https://picsum.photos/200/300?random=64', 12),
(65, 'https://picsum.photos/200/300?random=65', 57),
(66, 'https://picsum.photos/200/300?random=66', 61),
(67, 'https://picsum.photos/200/300?random=67', 46),
(68, 'https://picsum.photos/200/300?random=68', 68),
(69, 'https://picsum.photos/200/300?random=69', 83),
(70, 'https://picsum.photos/200/300?random=70', 3),
(71, 'https://picsum.photos/200/300?random=71', 97),
(72, 'https://picsum.photos/200/300?random=72', 7),
(73, 'https://picsum.photos/200/300?random=73', 19),
(74, 'https://picsum.photos/200/300?random=74', 79),
(75, 'https://picsum.photos/200/300?random=75', 1),
(76, 'https://picsum.photos/200/300?random=76', 8),
(77, 'https://picsum.photos/200/300?random=77', 79),
(78, 'https://picsum.photos/200/300?random=78', 39),
(79, 'https://picsum.photos/200/300?random=79', 30),
(80, 'https://picsum.photos/200/300?random=80', 42),
(81, 'https://picsum.photos/200/300?random=81', 75),
(82, 'https://picsum.photos/200/300?random=82', 41),
(83, 'https://picsum.photos/200/300?random=83', 12),
(84, 'https://picsum.photos/200/300?random=84', 71),
(85, 'https://picsum.photos/200/300?random=85', 14),
(86, 'https://picsum.photos/200/300?random=86', 24),
(87, 'https://picsum.photos/200/300?random=87', 16),
(88, 'https://picsum.photos/200/300?random=88', 86),
(89, 'https://picsum.photos/200/300?random=89', 67),
(90, 'https://picsum.photos/200/300?random=90', 38),
(91, 'https://picsum.photos/200/300?random=91', 80),
(92, 'https://picsum.photos/200/300?random=92', 50),
(93, 'https://picsum.photos/200/300?random=93', 97),
(94, 'https://picsum.photos/200/300?random=94', 97),
(95, 'https://picsum.photos/200/300?random=95', 93),
(96, 'https://picsum.photos/200/300?random=96', 15),
(97, 'https://picsum.photos/200/300?random=97', 88),
(98, 'https://picsum.photos/200/300?random=98', 46),
(99, 'https://picsum.photos/200/300?random=99', 2),
(100, 'https://picsum.photos/200/300?random=100', 97),
(101, 'https://picsum.photos/200/300?random=101', 13),
(102, 'https://picsum.photos/200/300?random=102', 100),
(103, 'https://picsum.photos/200/300?random=103', 89),
(104, 'https://picsum.photos/200/300?random=104', 27),
(105, 'https://picsum.photos/200/300?random=105', 25),
(106, 'https://picsum.photos/200/300?random=106', 4),
(107, 'https://picsum.photos/200/300?random=107', 40),
(108, 'https://picsum.photos/200/300?random=108', 64),
(109, 'https://picsum.photos/200/300?random=109', 8),
(110, 'https://picsum.photos/200/300?random=110', 100),
(111, 'https://picsum.photos/200/300?random=111', 83),
(112, 'https://picsum.photos/200/300?random=112', 52),
(113, 'https://picsum.photos/200/300?random=113', 23),
(114, 'https://picsum.photos/200/300?random=114', 70),
(115, 'https://picsum.photos/200/300?random=115', 49),
(116, 'https://picsum.photos/200/300?random=116', 56),
(117, 'https://picsum.photos/200/300?random=117', 44),
(118, 'https://picsum.photos/200/300?random=118', 33),
(119, 'https://picsum.photos/200/300?random=119', 49),
(120, 'https://picsum.photos/200/300?random=120', 50),
(121, 'https://picsum.photos/200/300?random=121', 91),
(122, 'https://picsum.photos/200/300?random=122', 14),
(123, 'https://picsum.photos/200/300?random=123', 67),
(124, 'https://picsum.photos/200/300?random=124', 72),
(125, 'https://picsum.photos/200/300?random=125', 15),
(126, 'https://picsum.photos/200/300?random=126', 75),
(127, 'https://picsum.photos/200/300?random=127', 49),
(128, 'https://picsum.photos/200/300?random=128', 78),
(129, 'https://picsum.photos/200/300?random=129', 27),
(130, 'https://picsum.photos/200/300?random=130', 9),
(131, 'https://picsum.photos/200/300?random=131', 59),
(132, 'https://picsum.photos/200/300?random=132', 49),
(133, 'https://picsum.photos/200/300?random=133', 31),
(134, 'https://picsum.photos/200/300?random=134', 40),
(135, 'https://picsum.photos/200/300?random=135', 15),
(136, 'https://picsum.photos/200/300?random=136', 55),
(137, 'https://picsum.photos/200/300?random=137', 47),
(138, 'https://picsum.photos/200/300?random=138', 26),
(139, 'https://picsum.photos/200/300?random=139', 83),
(140, 'https://picsum.photos/200/300?random=140', 57),
(141, 'https://picsum.photos/200/300?random=141', 78),
(142, 'https://picsum.photos/200/300?random=142', 13),
(143, 'https://picsum.photos/200/300?random=143', 11),
(144, 'https://picsum.photos/200/300?random=144', 72),
(145, 'https://picsum.photos/200/300?random=145', 78),
(146, 'https://picsum.photos/200/300?random=146', 80),
(147, 'https://picsum.photos/200/300?random=147', 42),
(148, 'https://picsum.photos/200/300?random=148', 93),
(149, 'https://picsum.photos/200/300?random=149', 46),
(150, 'https://picsum.photos/200/300?random=150', 12),
(151, 'https://picsum.photos/200/300?random=151', 99),
(152, 'https://picsum.photos/200/300?random=152', 89),
(153, 'https://picsum.photos/200/300?random=153', 6),
(154, 'https://picsum.photos/200/300?random=154', 92),
(155, 'https://picsum.photos/200/300?random=155', 1),
(156, 'https://picsum.photos/200/300?random=156', 91),
(157, 'https://picsum.photos/200/300?random=157', 74),
(158, 'https://picsum.photos/200/300?random=158', 100),
(159, 'https://picsum.photos/200/300?random=159', 8),
(160, 'https://picsum.photos/200/300?random=160', 88),
(161, 'https://picsum.photos/200/300?random=161', 74),
(162, 'https://picsum.photos/200/300?random=162', 80),
(163, 'https://picsum.photos/200/300?random=163', 31),
(164, 'https://picsum.photos/200/300?random=164', 27),
(165, 'https://picsum.photos/200/300?random=165', 4),
(166, 'https://picsum.photos/200/300?random=166', 21),
(167, 'https://picsum.photos/200/300?random=167', 21),
(168, 'https://picsum.photos/200/300?random=168', 39),
(169, 'https://picsum.photos/200/300?random=169', 54),
(170, 'https://picsum.photos/200/300?random=170', 55),
(171, 'https://picsum.photos/200/300?random=171', 45),
(172, 'https://picsum.photos/200/300?random=172', 41),
(173, 'https://picsum.photos/200/300?random=173', 13),
(174, 'https://picsum.photos/200/300?random=174', 56),
(175, 'https://picsum.photos/200/300?random=175', 51),
(176, 'https://picsum.photos/200/300?random=176', 46),
(177, 'https://picsum.photos/200/300?random=177', 51),
(178, 'https://picsum.photos/200/300?random=178', 54),
(179, 'https://picsum.photos/200/300?random=179', 54),
(180, 'https://picsum.photos/200/300?random=180', 7),
(181, 'https://picsum.photos/200/300?random=181', 58),
(182, 'https://picsum.photos/200/300?random=182', 40),
(183, 'https://picsum.photos/200/300?random=183', 35),
(184, 'https://picsum.photos/200/300?random=184', 78),
(185, 'https://picsum.photos/200/300?random=185', 46),
(186, 'https://picsum.photos/200/300?random=186', 53),
(187, 'https://picsum.photos/200/300?random=187', 65),
(188, 'https://picsum.photos/200/300?random=188', 50),
(189, 'https://picsum.photos/200/300?random=189', 75),
(190, 'https://picsum.photos/200/300?random=190', 41),
(191, 'https://picsum.photos/200/300?random=191', 97),
(192, 'https://picsum.photos/200/300?random=192', 44),
(193, 'https://picsum.photos/200/300?random=193', 32),
(194, 'https://picsum.photos/200/300?random=194', 61),
(195, 'https://picsum.photos/200/300?random=195', 90),
(196, 'https://picsum.photos/200/300?random=196', 32),
(197, 'https://picsum.photos/200/300?random=197', 85),
(198, 'https://picsum.photos/200/300?random=198', 81),
(199, 'https://picsum.photos/200/300?random=199', 95),
(200, 'https://picsum.photos/200/300?random=200', 40),
(201, 'https://picsum.photos/200/300?random=201', 8),
(202, 'https://picsum.photos/200/300?random=202', 25),
(203, 'https://picsum.photos/200/300?random=203', 1),
(204, 'https://picsum.photos/200/300?random=204', 57),
(205, 'https://picsum.photos/200/300?random=205', 38),
(206, 'https://picsum.photos/200/300?random=206', 16),
(207, 'https://picsum.photos/200/300?random=207', 65),
(208, 'https://picsum.photos/200/300?random=208', 48),
(209, 'https://picsum.photos/200/300?random=209', 41),
(210, 'https://picsum.photos/200/300?random=210', 96),
(211, 'https://picsum.photos/200/300?random=211', 27),
(212, 'https://picsum.photos/200/300?random=212', 74),
(213, 'https://picsum.photos/200/300?random=213', 29),
(214, 'https://picsum.photos/200/300?random=214', 100),
(215, 'https://picsum.photos/200/300?random=215', 34),
(216, 'https://picsum.photos/200/300?random=216', 43),
(217, 'https://picsum.photos/200/300?random=217', 78),
(218, 'https://picsum.photos/200/300?random=218', 25),
(219, 'https://picsum.photos/200/300?random=219', 100),
(220, 'https://picsum.photos/200/300?random=220', 98),
(221, 'https://picsum.photos/200/300?random=221', 39),
(222, 'https://picsum.photos/200/300?random=222', 57),
(223, 'https://picsum.photos/200/300?random=223', 48),
(224, 'https://picsum.photos/200/300?random=224', 75),
(225, 'https://picsum.photos/200/300?random=225', 84),
(226, 'https://picsum.photos/200/300?random=226', 11),
(227, 'https://picsum.photos/200/300?random=227', 97),
(228, 'https://picsum.photos/200/300?random=228', 12),
(229, 'https://picsum.photos/200/300?random=229', 75),
(230, 'https://picsum.photos/200/300?random=230', 29),
(231, 'https://picsum.photos/200/300?random=231', 63),
(232, 'https://picsum.photos/200/300?random=232', 44),
(233, 'https://picsum.photos/200/300?random=233', 42),
(234, 'https://picsum.photos/200/300?random=234', 12),
(235, 'https://picsum.photos/200/300?random=235', 85),
(236, 'https://picsum.photos/200/300?random=236', 92),
(237, 'https://picsum.photos/200/300?random=237', 80),
(238, 'https://picsum.photos/200/300?random=238', 21),
(239, 'https://picsum.photos/200/300?random=239', 66),
(240, 'https://picsum.photos/200/300?random=240', 95),
(241, 'https://picsum.photos/200/300?random=241', 43),
(242, 'https://picsum.photos/200/300?random=242', 20),
(243, 'https://picsum.photos/200/300?random=243', 55),
(244, 'https://picsum.photos/200/300?random=244', 40),
(245, 'https://picsum.photos/200/300?random=245', 21),
(246, 'https://picsum.photos/200/300?random=246', 80),
(247, 'https://picsum.photos/200/300?random=247', 2),
(248, 'https://picsum.photos/200/300?random=248', 28),
(249, 'https://picsum.photos/200/300?random=249', 93),
(250, 'https://picsum.photos/200/300?random=250', 6),
(251, 'https://picsum.photos/200/300?random=251', 53),
(252, 'https://picsum.photos/200/300?random=252', 100),
(253, 'https://picsum.photos/200/300?random=253', 20),
(254, 'https://picsum.photos/200/300?random=254', 40),
(255, 'https://picsum.photos/200/300?random=255', 98),
(256, 'https://picsum.photos/200/300?random=256', 96),
(257, 'https://picsum.photos/200/300?random=257', 53),
(258, 'https://picsum.photos/200/300?random=258', 6),
(259, 'https://picsum.photos/200/300?random=259', 59),
(260, 'https://picsum.photos/200/300?random=260', 92),
(261, 'https://picsum.photos/200/300?random=261', 99),
(262, 'https://picsum.photos/200/300?random=262', 17),
(263, 'https://picsum.photos/200/300?random=263', 20),
(264, 'https://picsum.photos/200/300?random=264', 72),
(265, 'https://picsum.photos/200/300?random=265', 15),
(266, 'https://picsum.photos/200/300?random=266', 64),
(267, 'https://picsum.photos/200/300?random=267', 37),
(268, 'https://picsum.photos/200/300?random=268', 22),
(269, 'https://picsum.photos/200/300?random=269', 77),
(270, 'https://picsum.photos/200/300?random=270', 30),
(271, 'https://picsum.photos/200/300?random=271', 60),
(272, 'https://picsum.photos/200/300?random=272', 89),
(273, 'https://picsum.photos/200/300?random=273', 56),
(274, 'https://picsum.photos/200/300?random=274', 53),
(275, 'https://picsum.photos/200/300?random=275', 29),
(276, 'https://picsum.photos/200/300?random=276', 69),
(277, 'https://picsum.photos/200/300?random=277', 35),
(278, 'https://picsum.photos/200/300?random=278', 46),
(279, 'https://picsum.photos/200/300?random=279', 96),
(280, 'https://picsum.photos/200/300?random=280', 36),
(281, 'https://picsum.photos/200/300?random=281', 16),
(282, 'https://picsum.photos/200/300?random=282', 83),
(283, 'https://picsum.photos/200/300?random=283', 89),
(284, 'https://picsum.photos/200/300?random=284', 7),
(285, 'https://picsum.photos/200/300?random=285', 81),
(286, 'https://picsum.photos/200/300?random=286', 54),
(287, 'https://picsum.photos/200/300?random=287', 5),
(288, 'https://picsum.photos/200/300?random=288', 69),
(289, 'https://picsum.photos/200/300?random=289', 82),
(290, 'https://picsum.photos/200/300?random=290', 72),
(291, 'https://picsum.photos/200/300?random=291', 39),
(292, 'https://picsum.photos/200/300?random=292', 60),
(293, 'https://picsum.photos/200/300?random=293', 39),
(294, 'https://picsum.photos/200/300?random=294', 78),
(295, 'https://picsum.photos/200/300?random=295', 27),
(296, 'https://picsum.photos/200/300?random=296', 29),
(297, 'https://picsum.photos/200/300?random=297', 35),
(298, 'https://picsum.photos/200/300?random=298', 42),
(299, 'https://picsum.photos/200/300?random=299', 19),
(300, 'https://picsum.photos/200/300?random=300', 96),
(301, 'https://picsum.photos/200/300?random=301', 48),
(302, 'https://picsum.photos/200/300?random=302', 98),
(303, 'https://picsum.photos/200/300?random=303', 95),
(304, 'https://picsum.photos/200/300?random=304', 73),
(305, 'https://picsum.photos/200/300?random=305', 88),
(306, 'https://picsum.photos/200/300?random=306', 87),
(307, 'https://picsum.photos/200/300?random=307', 74),
(308, 'https://picsum.photos/200/300?random=308', 49),
(309, 'https://picsum.photos/200/300?random=309', 62),
(310, 'https://picsum.photos/200/300?random=310', 63),
(311, 'https://picsum.photos/200/300?random=311', 48),
(312, 'https://picsum.photos/200/300?random=312', 79),
(313, 'https://picsum.photos/200/300?random=313', 10),
(314, 'https://picsum.photos/200/300?random=314', 3),
(315, 'https://picsum.photos/200/300?random=315', 71),
(316, 'https://picsum.photos/200/300?random=316', 94),
(317, 'https://picsum.photos/200/300?random=317', 27),
(318, 'https://picsum.photos/200/300?random=318', 99),
(319, 'https://picsum.photos/200/300?random=319', 10),
(320, 'https://picsum.photos/200/300?random=320', 21),
(321, 'https://picsum.photos/200/300?random=321', 95),
(322, 'https://picsum.photos/200/300?random=322', 12),
(323, 'https://picsum.photos/200/300?random=323', 12),
(324, 'https://picsum.photos/200/300?random=324', 67),
(325, 'https://picsum.photos/200/300?random=325', 41),
(326, 'https://picsum.photos/200/300?random=326', 25),
(327, 'https://picsum.photos/200/300?random=327', 71),
(328, 'https://picsum.photos/200/300?random=328', 9),
(329, 'https://picsum.photos/200/300?random=329', 62),
(330, 'https://picsum.photos/200/300?random=330', 56),
(331, 'https://picsum.photos/200/300?random=331', 17),
(332, 'https://picsum.photos/200/300?random=332', 4),
(333, 'https://picsum.photos/200/300?random=333', 10),
(334, 'https://picsum.photos/200/300?random=334', 73),
(335, 'https://picsum.photos/200/300?random=335', 27),
(336, 'https://picsum.photos/200/300?random=336', 26),
(337, 'https://picsum.photos/200/300?random=337', 34),
(338, 'https://picsum.photos/200/300?random=338', 95),
(339, 'https://picsum.photos/200/300?random=339', 38),
(340, 'https://picsum.photos/200/300?random=340', 36),
(341, 'https://picsum.photos/200/300?random=341', 58),
(342, 'https://picsum.photos/200/300?random=342', 12),
(343, 'https://picsum.photos/200/300?random=343', 1),
(344, 'https://picsum.photos/200/300?random=344', 74),
(345, 'https://picsum.photos/200/300?random=345', 23),
(346, 'https://picsum.photos/200/300?random=346', 70),
(347, 'https://picsum.photos/200/300?random=347', 8),
(348, 'https://picsum.photos/200/300?random=348', 17),
(349, 'https://picsum.photos/200/300?random=349', 68),
(350, 'https://picsum.photos/200/300?random=350', 32),
(351, 'https://picsum.photos/200/300?random=351', 29),
(352, 'https://picsum.photos/200/300?random=352', 83),
(353, 'https://picsum.photos/200/300?random=353', 66),
(354, 'https://picsum.photos/200/300?random=354', 28),
(355, 'https://picsum.photos/200/300?random=355', 76),
(356, 'https://picsum.photos/200/300?random=356', 100),
(357, 'https://picsum.photos/200/300?random=357', 45),
(358, 'https://picsum.photos/200/300?random=358', 70),
(359, 'https://picsum.photos/200/300?random=359', 92),
(360, 'https://picsum.photos/200/300?random=360', 85),
(361, 'https://picsum.photos/200/300?random=361', 12),
(362, 'https://picsum.photos/200/300?random=362', 33),
(363, 'https://picsum.photos/200/300?random=363', 55),
(364, 'https://picsum.photos/200/300?random=364', 57),
(365, 'https://picsum.photos/200/300?random=365', 41),
(366, 'https://picsum.photos/200/300?random=366', 55),
(367, 'https://picsum.photos/200/300?random=367', 15),
(368, 'https://picsum.photos/200/300?random=368', 28),
(369, 'https://picsum.photos/200/300?random=369', 73),
(370, 'https://picsum.photos/200/300?random=370', 5),
(371, 'https://picsum.photos/200/300?random=371', 29),
(372, 'https://picsum.photos/200/300?random=372', 97),
(373, 'https://picsum.photos/200/300?random=373', 47),
(374, 'https://picsum.photos/200/300?random=374', 70),
(375, 'https://picsum.photos/200/300?random=375', 25),
(376, 'https://picsum.photos/200/300?random=376', 79),
(377, 'https://picsum.photos/200/300?random=377', 30),
(378, 'https://picsum.photos/200/300?random=378', 70),
(379, 'https://picsum.photos/200/300?random=379', 17),
(380, 'https://picsum.photos/200/300?random=380', 54),
(381, 'https://picsum.photos/200/300?random=381', 40),
(382, 'https://picsum.photos/200/300?random=382', 16),
(383, 'https://picsum.photos/200/300?random=383', 51),
(384, 'https://picsum.photos/200/300?random=384', 71),
(385, 'https://picsum.photos/200/300?random=385', 93),
(386, 'https://picsum.photos/200/300?random=386', 61),
(387, 'https://picsum.photos/200/300?random=387', 81),
(388, 'https://picsum.photos/200/300?random=388', 99),
(389, 'https://picsum.photos/200/300?random=389', 100),
(390, 'https://picsum.photos/200/300?random=390', 35),
(391, 'https://picsum.photos/200/300?random=391', 88),
(392, 'https://picsum.photos/200/300?random=392', 57),
(393, 'https://picsum.photos/200/300?random=393', 47),
(394, 'https://picsum.photos/200/300?random=394', 65),
(395, 'https://picsum.photos/200/300?random=395', 46),
(396, 'https://picsum.photos/200/300?random=396', 9),
(397, 'https://picsum.photos/200/300?random=397', 82),
(398, 'https://picsum.photos/200/300?random=398', 83),
(399, 'https://picsum.photos/200/300?random=399', 67),
(400, 'https://picsum.photos/200/300?random=400', 88);

INSERT INTO rezervacija (rezervacija_id, korisnik_id, dogadjaj_id, datum_pocetka, datum_zavrsetka, ukupna_cijena, posebni_zahtjevi, status, status_placanja) VALUES
(1, 110, 56, '2025-07-11 00:45:08', '2025-07-11 06:45:08', 4394.51, 'Study including want operation book place total.', 'Čeka potvrdu', 'Nije plaćeno'),
(2, 37, 63, '2025-05-10 07:38:40', '2025-05-10 17:38:40', 2174.22, 'Knowledge worker will conference look against.', 'Čeka potvrdu', 'Nije plaćeno'),
(3, 173, 4, '2025-05-16 19:23:41', '2025-05-17 07:23:41', 812.37, 'Fine tend sit look partner information.', 'Čeka potvrdu', 'Nije plaćeno'),
(4, 110, 65, '2025-06-22 09:02:53', '2025-06-22 12:02:53', 333.05, 'Single agreement indeed.', 'Čeka potvrdu', 'Nije plaćeno'),
(5, 38, 41, '2025-07-03 20:48:26', '2025-07-04 04:48:26', 1943.03, 'But hard who.', 'Čeka potvrdu', 'Nije plaćeno'),
(6, 145, 75, '2025-05-15 07:34:32', '2025-05-15 12:34:32', 2454.05, 'Sense myself her officer article by.', 'Čeka potvrdu', 'Nije plaćeno'),
(7, 55, 62, '2025-05-29 04:30:39', '2025-05-29 16:30:39', 4311.96, 'Street yourself several study great piece cell last.', 'Čeka potvrdu', 'Nije plaćeno'),
(8, 191, 61, '2025-05-11 22:05:39', '2025-05-12 05:05:39', 860.78, 'Machine figure act agreement wind send young.', 'Čeka potvrdu', 'Nije plaćeno'),
(9, 145, 72, '2025-07-22 19:31:14', '2025-07-22 22:31:14', 4526.27, 'All star while.', 'Čeka potvrdu', 'Nije plaćeno'),
(10, 59, 73, '2025-07-18 10:05:45', '2025-07-18 19:05:45', 2685.42, 'Democratic pull direction fact hear impact book threat.', 'Čeka potvrdu', 'Nije plaćeno'),
(11, 21, 41, '2025-07-16 04:30:14', '2025-07-16 13:30:14', 4903.69, 'Recent which give nearly want.', 'Čeka potvrdu', 'Nije plaćeno'),
(12, 117, 74, '2025-06-19 17:20:31', '2025-06-19 22:20:31', 1742.69, 'Ten answer heart see.', 'Čeka potvrdu', 'Nije plaćeno'),
(13, 75, 38, '2025-06-11 09:05:55', '2025-06-11 14:05:55', 2962.78, 'Issue serious ready building like feeling world.', 'Čeka potvrdu', 'Nije plaćeno'),
(14, 90, 61, '2025-07-19 07:52:52', '2025-07-19 12:52:52', 4293.25, 'Need much hand hope series impact agree.', 'Čeka potvrdu', 'Nije plaćeno'),
(15, 19, 25, '2025-05-03 10:02:59', '2025-05-03 14:02:59', 4513.97, 'Speech public member parent lay take.', 'Čeka potvrdu', 'Nije plaćeno'),
(16, 165, 70, '2025-07-11 12:22:58', '2025-07-11 23:22:58', 3538.93, 'Life house cup your any forget.', 'Čeka potvrdu', 'Nije plaćeno'),
(17, 121, 75, '2025-06-05 16:07:24', '2025-06-06 01:07:24', 2854.16, 'Population the authority.', 'Čeka potvrdu', 'Nije plaćeno'),
(18, 78, 34, '2025-07-27 15:49:35', '2025-07-27 18:49:35', 4284.85, 'Environment wait better hour yeah east major.', 'Čeka potvrdu', 'Nije plaćeno'),
(19, 26, 68, '2025-04-30 21:44:31', '2025-05-01 05:44:31', 2657.08, 'Offer structure even former consider law rest back.', 'Čeka potvrdu', 'Nije plaćeno'),
(20, 153, 44, '2025-05-14 15:07:50', '2025-05-15 03:07:50', 2613.99, 'Trade change court number window from Mr wish.', 'Čeka potvrdu', 'Nije plaćeno'),
(21, 103, 73, '2025-07-22 07:21:25', '2025-07-22 19:21:25', 3121.67, 'Strategy economic real trial able matter.', 'Čeka potvrdu', 'Nije plaćeno'),
(22, 186, 63, '2025-06-09 15:53:49', '2025-06-09 18:53:49', 2432.2, 'Seat stop follow color push beat.', 'Čeka potvrdu', 'Nije plaćeno'),
(23, 109, 48, '2025-06-19 08:03:57', '2025-06-19 13:03:57', 2820.54, 'White chance water account.', 'Čeka potvrdu', 'Nije plaćeno'),
(24, 169, 50, '2025-06-25 11:50:17', '2025-06-25 22:50:17', 1480.19, 'Bag away black read low Mrs will.', 'Čeka potvrdu', 'Nije plaćeno'),
(25, 179, 31, '2025-07-25 09:05:55', '2025-07-25 18:05:55', 1985.49, 'Drug base Congress investment agreement special actually.', 'Čeka potvrdu', 'Nije plaćeno'),
(26, 49, 39, '2025-05-24 04:54:35', '2025-05-24 11:54:35', 736.94, 'Analysis action day author so low follow.', 'Čeka potvrdu', 'Nije plaćeno'),
(27, 59, 28, '2025-05-28 17:11:22', '2025-05-29 03:11:22', 435.65, 'Data agreement space huge top policy consumer.', 'Čeka potvrdu', 'Nije plaćeno'),
(28, 195, 4, '2025-06-26 05:21:40', '2025-06-26 13:21:40', 1927.35, 'Manage us speech ask address challenge.', 'Čeka potvrdu', 'Nije plaćeno'),
(29, 130, 31, '2025-05-19 22:42:46', '2025-05-20 03:42:46', 3126.83, 'Later out fear them bring international hour bring.', 'Čeka potvrdu', 'Nije plaćeno'),
(30, 54, 56, '2025-05-22 16:44:24', '2025-05-23 04:44:24', 4886.24, 'Current whose perhaps put.', 'Čeka potvrdu', 'Nije plaćeno'),
(31, 89, 1, '2025-07-16 16:21:36', '2025-07-16 21:21:36', 1581.36, 'Trade arm yes where style maintain.', 'Čeka potvrdu', 'Nije plaćeno'),
(32, 10, 77, '2025-06-19 10:47:17', '2025-06-19 19:47:17', 1971.49, 'Institution cultural two summer affect program.', 'Čeka potvrdu', 'Nije plaćeno'),
(33, 62, 65, '2025-05-16 11:54:20', '2025-05-16 20:54:20', 4195.49, 'Might go couple another night.', 'Čeka potvrdu', 'Nije plaćeno'),
(34, 29, 43, '2025-07-13 14:09:43', '2025-07-13 20:09:43', 3337.96, 'Manage then true daughter without.', 'Čeka potvrdu', 'Nije plaćeno'),
(35, 53, 11, '2025-07-06 16:34:23', '2025-07-06 19:34:23', 3560.33, 'Bad everyone write group.', 'Čeka potvrdu', 'Nije plaćeno'),
(36, 6, 35, '2025-07-16 18:33:12', '2025-07-17 02:33:12', 2723.72, 'Pick realize trade do.', 'Čeka potvrdu', 'Nije plaćeno'),
(37, 166, 55, '2025-06-09 18:54:02', '2025-06-09 21:54:02', 2450.37, 'Not culture develop between race Mr already.', 'Čeka potvrdu', 'Nije plaćeno'),
(38, 166, 33, '2025-05-25 00:47:42', '2025-05-25 05:47:42', 3099.56, 'Recent skill religious garden peace piece walk.', 'Čeka potvrdu', 'Nije plaćeno'),
(39, 115, 28, '2025-07-23 18:41:09', '2025-07-24 04:41:09', 3617.74, 'Once room term if attack wife.', 'Čeka potvrdu', 'Nije plaćeno'),
(40, 58, 35, '2025-07-22 06:29:13', '2025-07-22 14:29:13', 4084.12, 'Nation arm perhaps answer prove nation some charge.', 'Čeka potvrdu', 'Nije plaćeno'),
(41, 50, 52, '2025-07-25 14:02:11', '2025-07-25 17:02:11', 1763.12, 'Fact talk significant product team.', 'Čeka potvrdu', 'Nije plaćeno'),
(42, 102, 47, '2025-07-03 19:09:18', '2025-07-04 07:09:18', 4000.69, 'North event policy listen throughout.', 'Čeka potvrdu', 'Nije plaćeno'),
(43, 118, 47, '2025-05-31 03:24:33', '2025-05-31 13:24:33', 3418.64, 'Thing eye south again.', 'Čeka potvrdu', 'Nije plaćeno'),
(44, 86, 42, '2025-07-25 21:48:13', '2025-07-26 03:48:13', 1009.19, 'Cultural on just card put top success.', 'Čeka potvrdu', 'Nije plaćeno'),
(45, 197, 42, '2025-05-10 09:59:21', '2025-05-10 18:59:21', 864.79, 'Again throw art then final.', 'Čeka potvrdu', 'Nije plaćeno'),
(46, 159, 25, '2025-06-30 18:09:32', '2025-07-01 05:09:32', 3703.86, 'Data history scene who.', 'Čeka potvrdu', 'Nije plaćeno'),
(47, 189, 40, '2025-07-18 13:02:34', '2025-07-18 18:02:34', 2963.11, 'South wear those mean dream establish.', 'Čeka potvrdu', 'Nije plaćeno'),
(48, 123, 20, '2025-07-23 15:25:07', '2025-07-23 19:25:07', 3709.11, 'Theory radio age.', 'Čeka potvrdu', 'Nije plaćeno'),
(49, 173, 23, '2025-07-08 11:07:36', '2025-07-08 21:07:36', 4736.85, 'Charge admit bill dark institution effort both.', 'Čeka potvrdu', 'Nije plaćeno'),
(50, 99, 14, '2025-05-05 16:03:35', '2025-05-05 19:03:35', 2007.18, 'Help home bad organization week cause great.', 'Čeka potvrdu', 'Nije plaćeno'),
(51, 50, 68, '2025-06-01 00:35:36', '2025-06-01 05:35:36', 4856.3, 'Share sister trouble field one.', 'Čeka potvrdu', 'Nije plaćeno'),
(52, 89, 1, '2025-06-06 08:37:03', '2025-06-06 16:37:03', 4993.01, 'Heart standard hour listen brother mother voice.', 'Čeka potvrdu', 'Nije plaćeno'),
(53, 141, 44, '2025-07-01 02:54:47', '2025-07-01 09:54:47', 355.87, 'Court natural lose situation some summer board.', 'Čeka potvrdu', 'Nije plaćeno'),
(54, 71, 30, '2025-07-16 10:05:52', '2025-07-16 14:05:52', 4368.73, 'Owner first rich.', 'Čeka potvrdu', 'Nije plaćeno'),
(55, 181, 76, '2025-07-24 19:18:54', '2025-07-24 22:18:54', 4492.56, 'Source chance particular single population who.', 'Čeka potvrdu', 'Nije plaćeno'),
(56, 82, 75, '2025-05-12 10:38:41', '2025-05-12 19:38:41', 2771.02, 'Prevent beautiful mission manager green.', 'Čeka potvrdu', 'Nije plaćeno'),
(57, 51, 25, '2025-06-09 04:16:25', '2025-06-09 10:16:25', 2627.98, 'Benefit detail hundred reach right.', 'Čeka potvrdu', 'Nije plaćeno'),
(58, 186, 18, '2025-07-16 14:57:31', '2025-07-17 00:57:31', 3890.31, 'Seven reduce thing build.', 'Čeka potvrdu', 'Nije plaćeno'),
(59, 103, 36, '2025-05-17 06:30:18', '2025-05-17 11:30:18', 3638.43, 'Different follow cause do value again bed.', 'Čeka potvrdu', 'Nije plaćeno'),
(60, 173, 68, '2025-06-21 18:27:32', '2025-06-22 03:27:32', 3221.93, 'Detail involve minute toward.', 'Čeka potvrdu', 'Nije plaćeno'),
(61, 161, 52, '2025-05-25 10:22:09', '2025-05-25 21:22:09', 3076.26, 'Task throw item top result away magazine.', 'Čeka potvrdu', 'Nije plaćeno'),
(62, 97, 12, '2025-07-21 17:39:10', '2025-07-22 02:39:10', 4835.89, 'Drop analysis receive him become.', 'Čeka potvrdu', 'Nije plaćeno'),
(63, 119, 8, '2025-05-19 23:30:29', '2025-05-20 02:30:29', 1750.46, 'Painting instead serve.', 'Čeka potvrdu', 'Nije plaćeno'),
(64, 197, 62, '2025-05-11 03:48:09', '2025-05-11 13:48:09', 1283.66, 'However suffer standard much all.', 'Čeka potvrdu', 'Nije plaćeno'),
(65, 57, 4, '2025-07-05 12:57:42', '2025-07-05 19:57:42', 3937.22, 'Experience fire article record remain under.', 'Čeka potvrdu', 'Nije plaćeno'),
(66, 198, 39, '2025-06-28 20:37:01', '2025-06-29 03:37:01', 2147.11, 'Contain yes detail professional.', 'Čeka potvrdu', 'Nije plaćeno'),
(67, 9, 31, '2025-07-27 12:17:30', '2025-07-27 21:17:30', 3816.54, 'Pattern dog shake term must apply.', 'Čeka potvrdu', 'Nije plaćeno'),
(68, 63, 1, '2025-06-14 13:15:19', '2025-06-14 19:15:19', 874.69, 'Husband property year.', 'Čeka potvrdu', 'Nije plaćeno'),
(69, 162, 51, '2025-06-19 10:14:29', '2025-06-19 18:14:29', 4877.84, 'Each do skill seem put spring give.', 'Čeka potvrdu', 'Nije plaćeno'),
(70, 103, 48, '2025-05-23 01:26:09', '2025-05-23 04:26:09', 2200.61, 'Property while generation subject hold relate voice.', 'Čeka potvrdu', 'Nije plaćeno'),
(71, 85, 22, '2025-05-18 18:34:46', '2025-05-19 02:34:46', 2631.4, 'Follow can poor high.', 'Čeka potvrdu', 'Nije plaćeno'),
(72, 142, 20, '2025-05-27 21:58:29', '2025-05-28 08:58:29', 3497.77, 'Book soldier crime law old small.', 'Čeka potvrdu', 'Nije plaćeno'),
(73, 58, 50, '2025-07-26 15:46:17', '2025-07-26 22:46:17', 3602.5, 'Yeah end already.', 'Čeka potvrdu', 'Nije plaćeno'),
(74, 10, 71, '2025-06-02 03:16:33', '2025-06-02 07:16:33', 3365.75, 'National short us letter eye wind.', 'Čeka potvrdu', 'Nije plaćeno'),
(75, 118, 4, '2025-05-28 22:58:23', '2025-05-29 07:58:23', 4521.15, 'Care music first fact reach enough blood.', 'Čeka potvrdu', 'Nije plaćeno'),
(76, 151, 10, '2025-05-08 13:00:05', '2025-05-08 19:00:05', 3009.96, 'Ask argue offer increase set land charge.', 'Čeka potvrdu', 'Nije plaćeno'),
(77, 169, 75, '2025-06-16 04:25:19', '2025-06-16 08:25:19', 1001.17, 'Later Mr maybe us.', 'Čeka potvrdu', 'Nije plaćeno'),
(78, 67, 48, '2025-05-26 15:34:26', '2025-05-27 00:34:26', 3760.36, 'Look wife grow its board a wear.', 'Čeka potvrdu', 'Nije plaćeno'),
(79, 46, 38, '2025-07-19 08:53:56', '2025-07-19 19:53:56', 2809.61, 'Bill they various special list whether thought.', 'Čeka potvrdu', 'Nije plaćeno'),
(80, 57, 57, '2025-05-30 06:45:01', '2025-05-30 10:45:01', 4373.34, 'Win by walk production upon.', 'Čeka potvrdu', 'Nije plaćeno'),
(81, 186, 55, '2025-06-11 16:04:46', '2025-06-11 21:04:46', 1060.32, 'Major pay general but authority here represent.', 'Čeka potvrdu', 'Nije plaćeno'),
(82, 39, 11, '2025-05-10 21:50:30', '2025-05-11 02:50:30', 2485.26, 'How develop enough move lose more board Congress.', 'Čeka potvrdu', 'Nije plaćeno'),
(83, 2, 80, '2025-05-19 14:37:26', '2025-05-20 02:37:26', 3845.07, 'Want tell with rate huge leave record face.', 'Čeka potvrdu', 'Nije plaćeno'),
(84, 187, 49, '2025-06-30 09:03:45', '2025-06-30 12:03:45', 2708.77, 'Risk whatever billion.', 'Čeka potvrdu', 'Nije plaćeno'),
(85, 22, 3, '2025-06-03 22:57:05', '2025-06-04 10:57:05', 2239.97, 'No leave minute front recent.', 'Čeka potvrdu', 'Nije plaćeno'),
(86, 147, 59, '2025-05-20 08:00:03', '2025-05-20 11:00:03', 1657.49, 'Rule thank shoulder sit foot trial.', 'Čeka potvrdu', 'Nije plaćeno'),
(87, 101, 12, '2025-06-03 17:40:02', '2025-06-04 02:40:02', 2387.21, 'Official here management receive turn character.', 'Čeka potvrdu', 'Nije plaćeno'),
(88, 49, 23, '2025-05-06 23:43:52', '2025-05-07 10:43:52', 1183.69, 'Bad voice successful our forget.', 'Čeka potvrdu', 'Nije plaćeno'),
(89, 89, 15, '2025-06-26 04:06:39', '2025-06-26 09:06:39', 1180.25, 'Arm ever through.', 'Čeka potvrdu', 'Nije plaćeno'),
(90, 91, 56, '2025-07-03 13:57:33', '2025-07-03 21:57:33', 2281.35, 'Reflect hundred I teacher likely each when.', 'Čeka potvrdu', 'Nije plaćeno'),
(91, 67, 52, '2025-07-12 02:00:41', '2025-07-12 08:00:41', 3118.75, 'Mean push drive expert.', 'Čeka potvrdu', 'Nije plaćeno'),
(92, 79, 31, '2025-06-04 18:57:34', '2025-06-05 06:57:34', 2685.84, 'Collection international operation true task technology fill.', 'Čeka potvrdu', 'Nije plaćeno'),
(93, 1, 13, '2025-07-06 07:07:20', '2025-07-06 12:07:20', 1337.43, 'Cover land rich wind.', 'Čeka potvrdu', 'Nije plaćeno'),
(94, 187, 59, '2025-05-27 15:53:31', '2025-05-27 19:53:31', 4365.47, 'Figure before by national play.', 'Čeka potvrdu', 'Nije plaćeno'),
(95, 66, 35, '2025-05-28 20:49:04', '2025-05-29 02:49:04', 873.24, 'Out use common program individual speak without.', 'Čeka potvrdu', 'Nije plaćeno'),
(96, 86, 9, '2025-05-01 14:38:48', '2025-05-01 17:38:48', 3676.02, 'Need down crime front.', 'Čeka potvrdu', 'Nije plaćeno'),
(97, 69, 56, '2025-06-22 22:34:20', '2025-06-23 05:34:20', 2142.97, 'Administration food court surface shake.', 'Čeka potvrdu', 'Nije plaćeno'),
(98, 143, 32, '2025-05-09 04:39:01', '2025-05-09 16:39:01', 4322.55, 'Rich bring area happen type.', 'Čeka potvrdu', 'Nije plaćeno'),
(99, 114, 56, '2025-07-25 13:27:07', '2025-07-25 20:27:07', 626.15, 'Relationship national white benefit debate model thus hospital.', 'Čeka potvrdu', 'Nije plaćeno'),
(100, 139, 6, '2025-06-16 02:08:38', '2025-06-16 07:08:38', 1751.9, 'Child send term.', 'Čeka potvrdu', 'Nije plaćeno'),
(101, 143, 58, '2025-06-03 01:02:17', '2025-06-03 12:02:17', 3960.96, 'Risk statement consumer both forward bad treat moment.', 'Čeka potvrdu', 'Nije plaćeno'),
(102, 150, 36, '2025-05-05 18:48:04', '2025-05-06 04:48:04', 2875.84, 'Dark simply lot would music be letter.', 'Čeka potvrdu', 'Nije plaćeno'),
(103, 119, 37, '2025-05-09 11:33:00', '2025-05-09 21:33:00', 1746.09, 'Race travel short author success expect key girl.', 'Čeka potvrdu', 'Nije plaćeno'),
(104, 47, 43, '2025-05-07 04:37:39', '2025-05-07 12:37:39', 3776.14, 'Stop stop plan poor person floor.', 'Čeka potvrdu', 'Nije plaćeno'),
(105, 193, 17, '2025-05-21 02:32:42', '2025-05-21 05:32:42', 1720.59, 'Agency suggest away member manage.', 'Čeka potvrdu', 'Nije plaćeno'),
(106, 95, 16, '2025-07-18 20:09:04', '2025-07-19 08:09:04', 2386.91, 'Notice certain myself office old rise interest.', 'Čeka potvrdu', 'Nije plaćeno'),
(107, 185, 19, '2025-06-14 05:28:00', '2025-06-14 08:28:00', 4249.82, 'Answer southern need avoid.', 'Čeka potvrdu', 'Nije plaćeno'),
(108, 23, 10, '2025-05-10 09:20:11', '2025-05-10 17:20:11', 4342.5, 'Arrive read student keep within third somebody.', 'Čeka potvrdu', 'Nije plaćeno'),
(109, 190, 73, '2025-05-01 06:01:49', '2025-05-01 12:01:49', 3868.17, 'Cause worry thank establish.', 'Čeka potvrdu', 'Nije plaćeno'),
(110, 194, 23, '2025-05-12 03:13:15', '2025-05-12 06:13:15', 1279.21, 'Write over central fight require over network recognize.', 'Čeka potvrdu', 'Nije plaćeno'),
(111, 186, 11, '2025-06-05 11:43:56', '2025-06-05 19:43:56', 909.65, 'College around third night close hold today.', 'Čeka potvrdu', 'Nije plaćeno'),
(112, 141, 70, '2025-05-11 08:08:03', '2025-05-11 19:08:03', 1920.08, 'Report bill southern laugh cultural option part difficult.', 'Čeka potvrdu', 'Nije plaćeno'),
(113, 38, 15, '2025-05-11 01:11:10', '2025-05-11 12:11:10', 3888.11, 'Tough institution child popular along.', 'Čeka potvrdu', 'Nije plaćeno'),
(114, 75, 9, '2025-06-30 14:50:53', '2025-06-30 23:50:53', 4701.89, 'Option close American.', 'Čeka potvrdu', 'Nije plaćeno'),
(115, 7, 36, '2025-05-24 07:16:38', '2025-05-24 19:16:38', 3144.81, 'Heart news guess truth nothing.', 'Čeka potvrdu', 'Nije plaćeno'),
(116, 138, 62, '2025-07-18 03:00:33', '2025-07-18 06:00:33', 1361.22, 'Street economic top.', 'Čeka potvrdu', 'Nije plaćeno'),
(117, 177, 77, '2025-06-23 15:59:33', '2025-06-24 01:59:33', 3260.29, 'Conference east reveal.', 'Čeka potvrdu', 'Nije plaćeno'),
(118, 137, 30, '2025-07-20 20:32:07', '2025-07-21 08:32:07', 2705.57, 'Owner top like yourself.', 'Čeka potvrdu', 'Nije plaćeno'),
(119, 37, 14, '2025-07-14 12:14:11', '2025-07-14 20:14:11', 1423.33, 'None pick responsibility available.', 'Čeka potvrdu', 'Nije plaćeno'),
(120, 42, 80, '2025-06-14 20:15:01', '2025-06-15 00:15:01', 1752.06, 'Before look charge night range range go.', 'Čeka potvrdu', 'Nije plaćeno'),
(121, 7, 78, '2025-06-04 18:13:41', '2025-06-05 01:13:41', 1185.6, 'Tree this to seven minute give meet.', 'Čeka potvrdu', 'Nije plaćeno'),
(122, 135, 19, '2025-07-06 15:37:37', '2025-07-06 21:37:37', 4846.48, 'Thing message add trouble expert.', 'Čeka potvrdu', 'Nije plaćeno'),
(123, 95, 7, '2025-05-25 04:29:08', '2025-05-25 13:29:08', 3308.74, 'Nature herself for himself.', 'Čeka potvrdu', 'Nije plaćeno'),
(124, 90, 5, '2025-06-08 03:04:37', '2025-06-08 15:04:37', 700.2, 'Enter in rule team national decide.', 'Čeka potvrdu', 'Nije plaćeno'),
(125, 19, 78, '2025-06-26 18:36:00', '2025-06-27 02:36:00', 1523.09, 'Determine prove bad task.', 'Čeka potvrdu', 'Nije plaćeno'),
(126, 174, 20, '2025-05-23 13:10:11', '2025-05-24 01:10:11', 2068.13, 'Sometimes entire according attack remember.', 'Čeka potvrdu', 'Nije plaćeno'),
(127, 83, 68, '2025-07-13 03:37:57', '2025-07-13 14:37:57', 2502.36, 'Science share nor everything beautiful agency form.', 'Čeka potvrdu', 'Nije plaćeno'),
(128, 190, 32, '2025-07-27 22:00:43', '2025-07-28 08:00:43', 1047.42, 'Firm week benefit southern anyone.', 'Čeka potvrdu', 'Nije plaćeno'),
(129, 3, 11, '2025-07-08 06:42:23', '2025-07-08 15:42:23', 3061.09, 'Artist quite into.', 'Čeka potvrdu', 'Nije plaćeno'),
(130, 65, 67, '2025-07-14 17:22:33', '2025-07-15 05:22:33', 1661.7, 'State position recognize among film owner.', 'Čeka potvrdu', 'Nije plaćeno'),
(131, 49, 46, '2025-06-12 06:05:58', '2025-06-12 16:05:58', 2031.75, 'World total though little.', 'Čeka potvrdu', 'Nije plaćeno'),
(132, 145, 41, '2025-05-16 16:29:57', '2025-05-16 22:29:57', 3672.68, 'According trade cup house executive.', 'Čeka potvrdu', 'Nije plaćeno'),
(133, 199, 26, '2025-05-09 07:52:49', '2025-05-09 16:52:49', 693.36, 'Card feel writer discover give political heavy.', 'Čeka potvrdu', 'Nije plaćeno'),
(134, 33, 71, '2025-07-22 22:28:41', '2025-07-23 01:28:41', 942.69, 'Game price interest.', 'Čeka potvrdu', 'Nije plaćeno'),
(135, 194, 43, '2025-07-01 11:37:27', '2025-07-01 17:37:27', 3438.52, 'Officer conference identify staff north some.', 'Čeka potvrdu', 'Nije plaćeno'),
(136, 65, 69, '2025-06-03 21:30:42', '2025-06-04 00:30:42', 2194.36, 'Ten herself court never employee responsibility.', 'Čeka potvrdu', 'Nije plaćeno'),
(137, 63, 1, '2025-07-07 16:41:32', '2025-07-08 01:41:32', 3021.01, 'Town while family mention upon nothing.', 'Čeka potvrdu', 'Nije plaćeno'),
(138, 59, 5, '2025-06-02 11:15:06', '2025-06-02 18:15:06', 4241.74, 'Realize wife direction hand whether.', 'Čeka potvrdu', 'Nije plaćeno'),
(139, 141, 47, '2025-07-26 16:38:06', '2025-07-27 01:38:06', 4511.82, 'Be each mean education strong.', 'Čeka potvrdu', 'Nije plaćeno'),
(140, 166, 77, '2025-05-18 12:03:10', '2025-05-18 19:03:10', 2744.05, 'Read oil police soon cause top.', 'Čeka potvrdu', 'Nije plaćeno'),
(141, 95, 6, '2025-07-16 16:44:00', '2025-07-17 02:44:00', 2023.15, 'Although someone tell need space party could.', 'Čeka potvrdu', 'Nije plaćeno'),
(142, 177, 56, '2025-07-05 05:26:13', '2025-07-05 15:26:13', 1346.87, 'Add window cause cold sport question.', 'Čeka potvrdu', 'Nije plaćeno'),
(143, 121, 49, '2025-05-13 22:40:36', '2025-05-14 06:40:36', 1363.07, 'Coach write travel cost against.', 'Čeka potvrdu', 'Nije plaćeno'),
(144, 159, 69, '2025-06-07 09:04:20', '2025-06-07 18:04:20', 326.02, 'Trial idea become book less above into various.', 'Čeka potvrdu', 'Nije plaćeno'),
(145, 67, 46, '2025-07-18 07:35:18', '2025-07-18 12:35:18', 2575.62, 'Deal time smile attack soldier time drop.', 'Čeka potvrdu', 'Nije plaćeno'),
(146, 161, 63, '2025-06-17 21:42:44', '2025-06-18 04:42:44', 2771.99, 'Talk director trip others.', 'Čeka potvrdu', 'Nije plaćeno'),
(147, 149, 65, '2025-07-12 13:26:43', '2025-07-13 00:26:43', 1219.35, 'Not still question public find hope.', 'Čeka potvrdu', 'Nije plaćeno'),
(148, 185, 38, '2025-07-09 13:17:28', '2025-07-09 18:17:28', 2243.37, 'Dream after usually three if white.', 'Čeka potvrdu', 'Nije plaćeno'),
(149, 130, 28, '2025-06-04 21:15:48', '2025-06-05 09:15:48', 2807.61, 'Adult range protect home.', 'Čeka potvrdu', 'Nije plaćeno'),
(150, 194, 33, '2025-05-25 17:20:15', '2025-05-26 05:20:15', 2415.99, 'Say technology next class together whatever.', 'Čeka potvrdu', 'Nije plaćeno'),
(151, 111, 69, '2025-07-01 04:20:29', '2025-07-01 15:20:29', 2509.26, 'Have wife house start.', 'Čeka potvrdu', 'Nije plaćeno'),
(152, 23, 4, '2025-06-21 20:44:00', '2025-06-22 01:44:00', 2345.23, 'First likely art anything cover.', 'Čeka potvrdu', 'Nije plaćeno'),
(153, 39, 21, '2025-05-02 01:17:03', '2025-05-02 07:17:03', 923.65, 'Say up rock turn raise.', 'Čeka potvrdu', 'Nije plaćeno'),
(154, 162, 40, '2025-07-02 12:45:12', '2025-07-02 23:45:12', 4363.88, 'Phone prepare little cold interest move most.', 'Čeka potvrdu', 'Nije plaćeno'),
(155, 14, 46, '2025-06-15 16:15:38', '2025-06-15 19:15:38', 4873.3, 'Produce begin single at final.', 'Čeka potvrdu', 'Nije plaćeno'),
(156, 31, 24, '2025-06-10 09:15:51', '2025-06-10 17:15:51', 3981.14, 'Song nature officer different parent kitchen.', 'Čeka potvrdu', 'Nije plaćeno'),
(157, 155, 56, '2025-07-12 17:47:29', '2025-07-13 03:47:29', 1555.42, 'Start begin play president perhaps way between.', 'Čeka potvrdu', 'Nije plaćeno'),
(158, 182, 72, '2025-07-21 21:03:39', '2025-07-22 06:03:39', 1046.9, 'Professional top compare leave street face.', 'Čeka potvrdu', 'Nije plaćeno'),
(159, 37, 80, '2025-07-05 14:00:56', '2025-07-06 02:00:56', 597.09, 'Near with successful.', 'Čeka potvrdu', 'Nije plaćeno'),
(160, 130, 7, '2025-05-13 16:41:06', '2025-05-14 02:41:06', 3109.08, 'Up her wonder field baby language director.', 'Čeka potvrdu', 'Nije plaćeno'),
(161, 122, 54, '2025-06-16 06:11:14', '2025-06-16 16:11:14', 3468.93, 'Fire next own debate always right stuff black.', 'Čeka potvrdu', 'Nije plaćeno'),
(162, 33, 35, '2025-06-21 05:01:33', '2025-06-21 14:01:33', 4150.48, 'Whom interest response center.', 'Čeka potvrdu', 'Nije plaćeno'),
(163, 134, 43, '2025-06-23 06:31:23', '2025-06-23 14:31:23', 773.97, 'Physical other agreement back laugh approach beyond.', 'Čeka potvrdu', 'Nije plaćeno'),
(164, 37, 19, '2025-06-20 18:55:52', '2025-06-21 04:55:52', 1677.86, 'They successful heart dark quality.', 'Čeka potvrdu', 'Nije plaćeno'),
(165, 69, 37, '2025-05-02 10:24:33', '2025-05-02 13:24:33', 896.27, 'Treatment local concern art security computer.', 'Čeka potvrdu', 'Nije plaćeno'),
(166, 61, 61, '2025-06-03 22:01:56', '2025-06-04 09:01:56', 1139.36, 'Customer example his chance ago several education.', 'Čeka potvrdu', 'Nije plaćeno'),
(167, 78, 45, '2025-07-07 10:08:31', '2025-07-07 20:08:31', 1257.44, 'Wall represent material particularly each.', 'Čeka potvrdu', 'Nije plaćeno'),
(168, 117, 34, '2025-05-25 14:37:53', '2025-05-26 01:37:53', 3921.9, 'Care son cut bit risk draw.', 'Čeka potvrdu', 'Nije plaćeno'),
(169, 14, 10, '2025-05-31 02:11:03', '2025-05-31 10:11:03', 2049.98, 'Institution never carry miss the four person.', 'Čeka potvrdu', 'Nije plaćeno'),
(170, 27, 34, '2025-07-18 13:59:12', '2025-07-18 21:59:12', 1479.95, 'Culture news force ready end.', 'Čeka potvrdu', 'Nije plaćeno'),
(171, 90, 39, '2025-06-05 20:29:05', '2025-06-06 01:29:05', 4805.66, 'Pretty miss much letter mind enter turn.', 'Čeka potvrdu', 'Nije plaćeno'),
(172, 17, 57, '2025-05-01 04:05:22', '2025-05-01 12:05:22', 2776.84, 'Because go catch sea structure address mouth.', 'Čeka potvrdu', 'Nije plaćeno'),
(173, 138, 34, '2025-07-08 23:54:06', '2025-07-09 04:54:06', 1461.97, 'Cover term worry usually religious.', 'Čeka potvrdu', 'Nije plaćeno'),
(174, 167, 72, '2025-05-07 03:56:34', '2025-05-07 11:56:34', 1802.08, 'Network feeling provide age majority.', 'Čeka potvrdu', 'Nije plaćeno'),
(175, 110, 79, '2025-05-13 12:41:11', '2025-05-13 17:41:11', 979.84, 'Radio against bag collection pick painting process expect.', 'Čeka potvrdu', 'Nije plaćeno'),
(176, 26, 50, '2025-06-03 03:57:48', '2025-06-03 09:57:48', 4356.21, 'Senior discover military turn reveal push.', 'Čeka potvrdu', 'Nije plaćeno'),
(177, 153, 43, '2025-06-24 02:17:47', '2025-06-24 07:17:47', 3079.37, 'East idea keep rise environment artist.', 'Čeka potvrdu', 'Nije plaćeno'),
(178, 82, 35, '2025-06-16 00:42:53', '2025-06-16 10:42:53', 4144.35, 'Current election assume.', 'Čeka potvrdu', 'Nije plaćeno'),
(179, 165, 48, '2025-06-16 00:58:21', '2025-06-16 10:58:21', 2490.76, 'Travel although lawyer moment listen.', 'Čeka potvrdu', 'Nije plaćeno'),
(180, 42, 48, '2025-05-19 16:23:52', '2025-05-19 21:23:52', 1151.05, 'Among during book mention large.', 'Čeka potvrdu', 'Nije plaćeno'),
(181, 23, 53, '2025-07-09 11:31:38', '2025-07-09 15:31:38', 2330.95, 'True story happen science experience particularly remain.', 'Čeka potvrdu', 'Nije plaćeno'),
(182, 37, 31, '2025-07-09 19:01:29', '2025-07-10 07:01:29', 3437.91, 'Improve perhaps effect owner.', 'Čeka potvrdu', 'Nije plaćeno'),
(183, 75, 11, '2025-06-28 10:17:45', '2025-06-28 22:17:45', 1429.94, 'Pattern yourself kid anything everybody house sing sense.', 'Čeka potvrdu', 'Nije plaćeno'),
(184, 178, 31, '2025-05-18 03:33:58', '2025-05-18 09:33:58', 4090.87, 'Turn model power tax.', 'Čeka potvrdu', 'Nije plaćeno'),
(185, 31, 3, '2025-07-16 14:21:01', '2025-07-16 19:21:01', 2980.59, 'Much prevent explain four.', 'Čeka potvrdu', 'Nije plaćeno'),
(186, 181, 57, '2025-06-30 19:26:33', '2025-07-01 04:26:33', 1400.93, 'Author why court that think blood simple.', 'Čeka potvrdu', 'Nije plaćeno'),
(187, 69, 67, '2025-07-17 02:43:18', '2025-07-17 09:43:18', 3152.71, 'Doctor give score.', 'Čeka potvrdu', 'Nije plaćeno'),
(188, 119, 73, '2025-07-16 13:54:29', '2025-07-17 00:54:29', 3953.78, 'Media high in might.', 'Čeka potvrdu', 'Nije plaćeno'),
(189, 10, 54, '2025-06-27 23:43:19', '2025-06-28 11:43:19', 4448.98, 'Join bad public month.', 'Čeka potvrdu', 'Nije plaćeno'),
(190, 186, 54, '2025-05-26 01:46:21', '2025-05-26 11:46:21', 3238.98, 'To plan I star few month.', 'Čeka potvrdu', 'Nije plaćeno'),
(191, 25, 43, '2025-05-25 22:45:46', '2025-05-26 01:45:46', 4088.65, 'Political we what each simple successful.', 'Čeka potvrdu', 'Nije plaćeno'),
(192, 71, 25, '2025-07-24 01:33:21', '2025-07-24 04:33:21', 4282.47, 'Community step eye his none.', 'Čeka potvrdu', 'Nije plaćeno'),
(193, 17, 73, '2025-05-04 21:54:42', '2025-05-05 08:54:42', 4152.2, 'Evening nothing learn today our whom.', 'Čeka potvrdu', 'Nije plaćeno'),
(194, 31, 63, '2025-06-09 19:17:01', '2025-06-10 00:17:01', 4079.61, 'Hold really stand.', 'Čeka potvrdu', 'Nije plaćeno'),
(195, 158, 65, '2025-06-17 10:00:32', '2025-06-17 18:00:32', 4788.9, 'Attack deal cause share chance everyone former baby.', 'Čeka potvrdu', 'Nije plaćeno'),
(196, 18, 52, '2025-06-03 22:31:51', '2025-06-04 06:31:51', 4583.95, 'Watch continue throughout wonder bring.', 'Čeka potvrdu', 'Nije plaćeno'),
(197, 29, 1, '2025-06-18 03:44:05', '2025-06-18 07:44:05', 1398.85, 'Nothing past head or.', 'Čeka potvrdu', 'Nije plaćeno'),
(198, 139, 38, '2025-07-24 12:56:56', '2025-07-25 00:56:56', 3614.35, 'Young watch social behavior.', 'Čeka potvrdu', 'Nije plaćeno'),
(199, 54, 37, '2025-05-29 07:25:50', '2025-05-29 10:25:50', 3769.39, 'Must keep well.', 'Čeka potvrdu', 'Nije plaćeno'),
(200, 174, 36, '2025-05-14 13:56:18', '2025-05-15 01:56:18', 3823.18, 'Quite would hospital interview significant nice energy else.', 'Čeka potvrdu', 'Nije plaćeno'),
(201, 190, 63, '2025-05-24 18:03:41', '2025-05-24 23:03:41', 4065.6, 'Program send travel home general standard.', 'Čeka potvrdu', 'Nije plaćeno'),
(202, 163, 75, '2025-05-15 06:57:40', '2025-05-15 10:57:40', 2036.54, 'Hot foot western well term child.', 'Čeka potvrdu', 'Nije plaćeno'),
(203, 125, 21, '2025-07-22 10:28:58', '2025-07-22 13:28:58', 1752.61, 'During force small rest.', 'Čeka potvrdu', 'Nije plaćeno'),
(204, 2, 72, '2025-05-26 12:07:18', '2025-05-26 17:07:18', 3706.54, 'Remain third industry page.', 'Čeka potvrdu', 'Nije plaćeno'),
(205, 14, 75, '2025-06-18 10:42:34', '2025-06-18 15:42:34', 464.26, 'Choice center bring road green both rule.', 'Čeka potvrdu', 'Nije plaćeno'),
(206, 158, 68, '2025-05-26 09:14:47', '2025-05-26 13:14:47', 1537.44, 'Central lawyer white.', 'Čeka potvrdu', 'Nije plaćeno'),
(207, 2, 22, '2025-06-10 23:47:33', '2025-06-11 08:47:33', 4944.97, 'Eight they often discussion majority about contain experience.', 'Čeka potvrdu', 'Nije plaćeno'),
(208, 157, 47, '2025-05-30 18:48:10', '2025-05-31 04:48:10', 2335.54, 'Pm million how open possible forget of.', 'Čeka potvrdu', 'Nije plaćeno'),
(209, 9, 8, '2025-05-05 18:54:25', '2025-05-06 04:54:25', 4681.53, 'Couple side bit skin long about.', 'Čeka potvrdu', 'Nije plaćeno'),
(210, 53, 59, '2025-06-16 13:03:49', '2025-06-16 19:03:49', 4718.7, 'Break red hold recent school their.', 'Čeka potvrdu', 'Nije plaćeno'),
(211, 126, 10, '2025-07-20 14:03:44', '2025-07-20 19:03:44', 456.62, 'Large late program figure number exactly policy.', 'Čeka potvrdu', 'Nije plaćeno'),
(212, 161, 74, '2025-06-13 18:06:35', '2025-06-14 06:06:35', 3269.84, 'Buy value manager serious two every speech.', 'Čeka potvrdu', 'Nije plaćeno'),
(213, 157, 42, '2025-06-26 21:39:42', '2025-06-27 01:39:42', 1665.49, 'Do total very production need face half.', 'Čeka potvrdu', 'Nije plaćeno'),
(214, 54, 71, '2025-06-12 22:53:08', '2025-06-13 08:53:08', 2925.72, 'History travel shoulder she good.', 'Čeka potvrdu', 'Nije plaćeno'),
(215, 186, 80, '2025-06-29 20:51:20', '2025-06-30 00:51:20', 1705.08, 'Plant wall happy actually hope quite.', 'Čeka potvrdu', 'Nije plaćeno'),
(216, 131, 62, '2025-06-04 18:03:35', '2025-06-05 06:03:35', 4113.42, 'Staff talk able involve region concern.', 'Čeka potvrdu', 'Nije plaćeno'),
(217, 69, 1, '2025-06-18 19:41:30', '2025-06-19 03:41:30', 601.26, 'Technology maintain space candidate.', 'Čeka potvrdu', 'Nije plaćeno'),
(218, 174, 10, '2025-05-27 13:34:08', '2025-05-27 20:34:08', 3243.22, 'Board next care give trouble eat.', 'Čeka potvrdu', 'Nije plaćeno'),
(219, 174, 30, '2025-06-25 09:24:02', '2025-06-25 19:24:02', 4104.99, 'Wrong seek the bring old.', 'Čeka potvrdu', 'Nije plaćeno'),
(220, 130, 47, '2025-05-12 15:48:38', '2025-05-12 19:48:38', 1474.09, 'Building statement beautiful.', 'Čeka potvrdu', 'Nije plaćeno'),
(221, 134, 60, '2025-07-15 12:16:26', '2025-07-15 16:16:26', 4806.37, 'Technology worry parent leave agree.', 'Čeka potvrdu', 'Nije plaćeno'),
(222, 77, 4, '2025-06-08 04:44:13', '2025-06-08 15:44:13', 1542.54, 'Those expert act adult our expect.', 'Čeka potvrdu', 'Nije plaćeno'),
(223, 47, 5, '2025-06-27 14:14:29', '2025-06-27 20:14:29', 521.56, 'Imagine matter happy offer call red help.', 'Čeka potvrdu', 'Nije plaćeno'),
(224, 131, 67, '2025-07-24 09:51:17', '2025-07-24 12:51:17', 1639.16, 'Box news little teach.', 'Čeka potvrdu', 'Nije plaćeno'),
(225, 61, 60, '2025-05-22 11:50:57', '2025-05-22 17:50:57', 1258.89, 'Present bring across college.', 'Čeka potvrdu', 'Nije plaćeno'),
(226, 75, 12, '2025-04-30 13:27:48', '2025-04-30 18:27:48', 797.8, 'Know be budget concern fact laugh either.', 'Čeka potvrdu', 'Nije plaćeno'),
(227, 86, 1, '2025-07-09 10:34:38', '2025-07-09 18:34:38', 4158.51, 'Marriage course ahead huge condition might.', 'Čeka potvrdu', 'Nije plaćeno'),
(228, 127, 57, '2025-06-05 16:02:26', '2025-06-06 03:02:26', 4022.18, 'Line kind across explain fact trial remain relate.', 'Čeka potvrdu', 'Nije plaćeno'),
(229, 98, 63, '2025-07-14 07:25:53', '2025-07-14 19:25:53', 4078.14, 'Draw member design above.', 'Čeka potvrdu', 'Nije plaćeno'),
(230, 41, 4, '2025-05-20 10:04:32', '2025-05-20 21:04:32', 3694.4, 'Thus business home about.', 'Čeka potvrdu', 'Nije plaćeno'),
(231, 121, 42, '2025-06-26 04:01:07', '2025-06-26 15:01:07', 1101.39, 'Itself shoulder type former could.', 'Čeka potvrdu', 'Nije plaćeno'),
(232, 54, 60, '2025-07-27 22:09:07', '2025-07-28 04:09:07', 1194.09, 'Consider individual his land later better.', 'Čeka potvrdu', 'Nije plaćeno'),
(233, 173, 41, '2025-07-24 13:13:38', '2025-07-24 19:13:38', 2395.93, 'Under figure policy feeling record.', 'Čeka potvrdu', 'Nije plaćeno'),
(234, 122, 51, '2025-07-27 13:33:42', '2025-07-27 20:33:42', 4489.77, 'Participant street blood choice recognize instead.', 'Čeka potvrdu', 'Nije plaćeno'),
(235, 178, 7, '2025-06-11 23:50:04', '2025-06-12 07:50:04', 4438.87, 'Option town drop clearly both.', 'Čeka potvrdu', 'Nije plaćeno'),
(236, 31, 18, '2025-06-12 14:27:13', '2025-06-13 00:27:13', 1987.57, 'Section prove theory call.', 'Čeka potvrdu', 'Nije plaćeno'),
(237, 25, 32, '2025-05-20 12:39:15', '2025-05-20 20:39:15', 363.25, 'Report any with Congress wish fall after.', 'Čeka potvrdu', 'Nije plaćeno'),
(238, 51, 68, '2025-05-23 23:38:28', '2025-05-24 10:38:28', 2335.31, 'Need move my language.', 'Čeka potvrdu', 'Nije plaćeno'),
(239, 195, 3, '2025-07-02 17:03:56', '2025-07-03 02:03:56', 1370.1, 'Future significant education future hot charge executive bad.', 'Čeka potvrdu', 'Nije plaćeno'),
(240, 25, 62, '2025-07-17 05:47:06', '2025-07-17 10:47:06', 1159.48, 'Treat process movement value account attack.', 'Čeka potvrdu', 'Nije plaćeno'),
(241, 83, 62, '2025-07-20 18:00:52', '2025-07-21 00:00:52', 4182.32, 'Admit contain about throw attention.', 'Čeka potvrdu', 'Nije plaćeno'),
(242, 111, 60, '2025-05-13 22:07:34', '2025-05-14 03:07:34', 682.48, 'Measure certainly now threat.', 'Čeka potvrdu', 'Nije plaćeno'),
(243, 74, 32, '2025-05-13 00:09:59', '2025-05-13 09:09:59', 4014.41, 'Reveal middle walk full.', 'Čeka potvrdu', 'Nije plaćeno'),
(244, 139, 40, '2025-05-12 04:59:14', '2025-05-12 15:59:14', 3430.68, 'Herself hand talk stand brother meeting.', 'Čeka potvrdu', 'Nije plaćeno'),
(245, 130, 10, '2025-05-12 23:37:14', '2025-05-13 10:37:14', 2448.02, 'Lawyer nothing if ball check pattern year senior.', 'Čeka potvrdu', 'Nije plaćeno'),
(246, 23, 7, '2025-05-30 23:41:17', '2025-05-31 09:41:17', 2058.85, 'Enough star surface make experience enough.', 'Čeka potvrdu', 'Nije plaćeno'),
(247, 185, 49, '2025-07-19 22:17:19', '2025-07-20 09:17:19', 1537.11, 'Benefit rather heavy care.', 'Čeka potvrdu', 'Nije plaćeno'),
(248, 55, 12, '2025-07-24 13:20:56', '2025-07-24 22:20:56', 2881.69, 'Reflect risk see but administration.', 'Čeka potvrdu', 'Nije plaćeno'),
(249, 95, 45, '2025-05-02 21:47:27', '2025-05-03 02:47:27', 2465.93, 'Citizen effect space themselves center your.', 'Čeka potvrdu', 'Nije plaćeno'),
(250, 154, 52, '2025-07-01 17:56:17', '2025-07-02 03:56:17', 2471.82, 'Day range arm.', 'Čeka potvrdu', 'Nije plaćeno'),
(251, 89, 56, '2025-07-22 07:37:23', '2025-07-22 18:37:23', 1688.22, 'Look treat room such box until.', 'Čeka potvrdu', 'Nije plaćeno'),
(252, 141, 28, '2025-06-27 10:58:43', '2025-06-27 21:58:43', 888.61, 'Certain month party follow believe.', 'Čeka potvrdu', 'Nije plaćeno'),
(253, 162, 69, '2025-05-22 03:53:59', '2025-05-22 12:53:59', 3014.82, 'Those movie create share.', 'Čeka potvrdu', 'Nije plaćeno'),
(254, 115, 63, '2025-06-05 01:00:53', '2025-06-05 07:00:53', 1172.0, 'Black owner but next country full edge.', 'Čeka potvrdu', 'Nije plaćeno'),
(255, 177, 12, '2025-05-16 12:00:53', '2025-05-16 18:00:53', 1634.36, 'Raise west stop investment deal market rule.', 'Čeka potvrdu', 'Nije plaćeno'),
(256, 142, 38, '2025-07-02 13:14:00', '2025-07-03 01:14:00', 4617.93, 'Tend computer issue dog environment prevent.', 'Čeka potvrdu', 'Nije plaćeno'),
(257, 98, 59, '2025-06-26 17:07:34', '2025-06-27 02:07:34', 1288.73, 'Republican represent baby green site.', 'Čeka potvrdu', 'Nije plaćeno'),
(258, 22, 54, '2025-07-06 23:49:04', '2025-07-07 08:49:04', 4330.7, 'Should style while despite.', 'Čeka potvrdu', 'Nije plaćeno'),
(259, 29, 8, '2025-07-17 08:35:16', '2025-07-17 20:35:16', 3255.34, 'Cell others hair join member concern run.', 'Čeka potvrdu', 'Nije plaćeno'),
(260, 103, 23, '2025-05-15 22:34:28', '2025-05-16 02:34:28', 2277.33, 'Economic power high lot why pick.', 'Čeka potvrdu', 'Nije plaćeno'),
(261, 125, 12, '2025-06-26 20:24:31', '2025-06-27 05:24:31', 3731.03, 'Feel book task than computer.', 'Čeka potvrdu', 'Nije plaćeno'),
(262, 118, 70, '2025-07-07 11:17:09', '2025-07-07 23:17:09', 1709.8, 'Case far adult gas.', 'Čeka potvrdu', 'Nije plaćeno'),
(263, 75, 61, '2025-05-05 01:06:22', '2025-05-05 08:06:22', 1833.2, 'Technology appear fall she everything explain catch kitchen.', 'Čeka potvrdu', 'Nije plaćeno'),
(264, 15, 63, '2025-05-12 01:44:50', '2025-05-12 10:44:50', 4111.06, 'Task thing I provide coach create story soldier.', 'Čeka potvrdu', 'Nije plaćeno'),
(265, 191, 79, '2025-05-01 12:40:47', '2025-05-01 18:40:47', 4432.55, 'Policy another east speak every.', 'Čeka potvrdu', 'Nije plaćeno'),
(266, 154, 48, '2025-06-02 02:37:44', '2025-06-02 09:37:44', 4004.86, 'Camera some feeling black.', 'Čeka potvrdu', 'Nije plaćeno'),
(267, 114, 45, '2025-07-01 05:52:48', '2025-07-01 15:52:48', 3055.6, 'Great third practice woman.', 'Čeka potvrdu', 'Nije plaćeno'),
(268, 199, 62, '2025-06-02 12:14:59', '2025-06-03 00:14:59', 2898.19, 'Sing time husband itself reason must.', 'Čeka potvrdu', 'Nije plaćeno'),
(269, 42, 17, '2025-07-20 21:36:38', '2025-07-21 07:36:38', 303.41, 'Around stuff book everything evidence late necessary.', 'Čeka potvrdu', 'Nije plaćeno'),
(270, 93, 46, '2025-05-18 18:56:42', '2025-05-19 04:56:42', 4923.5, 'Cut end decade represent wind research.', 'Čeka potvrdu', 'Nije plaćeno'),
(271, 135, 74, '2025-05-05 00:15:07', '2025-05-05 11:15:07', 1741.2, 'Seem action until apply try.', 'Čeka potvrdu', 'Nije plaćeno'),
(272, 129, 64, '2025-06-24 13:19:19', '2025-06-24 20:19:19', 4331.91, 'Hotel court music low eye factor form.', 'Čeka potvrdu', 'Nije plaćeno'),
(273, 9, 74, '2025-05-08 01:01:27', '2025-05-08 12:01:27', 3397.77, 'Condition TV new cost body.', 'Čeka potvrdu', 'Nije plaćeno'),
(274, 53, 80, '2025-06-25 06:01:16', '2025-06-25 09:01:16', 2594.52, 'Keep visit state even million be.', 'Čeka potvrdu', 'Nije plaćeno'),
(275, 26, 37, '2025-05-08 19:01:20', '2025-05-09 00:01:20', 2806.32, 'Pay performance world build though because factor.', 'Čeka potvrdu', 'Nije plaćeno'),
(276, 83, 12, '2025-05-09 10:28:11', '2025-05-09 16:28:11', 2603.96, 'Situation large fight worker government.', 'Čeka potvrdu', 'Nije plaćeno'),
(277, 179, 45, '2025-07-17 18:28:17', '2025-07-18 06:28:17', 653.79, 'Time matter direction difference painting daughter keep artist.', 'Čeka potvrdu', 'Nije plaćeno'),
(278, 13, 61, '2025-05-02 15:28:28', '2025-05-02 20:28:28', 777.77, 'What improve hear.', 'Čeka potvrdu', 'Nije plaćeno'),
(279, 14, 31, '2025-06-15 09:16:06', '2025-06-15 18:16:06', 3875.16, 'Management crime no explain dark.', 'Čeka potvrdu', 'Nije plaćeno'),
(280, 101, 2, '2025-06-21 04:07:11', '2025-06-21 16:07:11', 4768.7, 'National base mind employee.', 'Čeka potvrdu', 'Nije plaćeno'),
(281, 125, 64, '2025-07-04 22:37:26', '2025-07-05 10:37:26', 1415.06, 'Officer president his character help.', 'Čeka potvrdu', 'Nije plaćeno'),
(282, 66, 67, '2025-05-20 23:32:24', '2025-05-21 02:32:24', 4191.94, 'Reality sometimes yard.', 'Čeka potvrdu', 'Nije plaćeno'),
(283, 46, 31, '2025-05-03 08:43:58', '2025-05-03 12:43:58', 3603.71, 'Real continue training eight campaign soon rather short.', 'Čeka potvrdu', 'Nije plaćeno'),
(284, 147, 2, '2025-06-16 02:53:15', '2025-06-16 13:53:15', 3442.08, 'Make us ground make international enter individual.', 'Čeka potvrdu', 'Nije plaćeno'),
(285, 134, 23, '2025-05-28 23:43:48', '2025-05-29 09:43:48', 1427.45, 'Bring something century.', 'Čeka potvrdu', 'Nije plaćeno'),
(286, 50, 65, '2025-07-22 00:45:32', '2025-07-22 07:45:32', 2101.39, 'Mother close where explain bed member.', 'Čeka potvrdu', 'Nije plaćeno'),
(287, 21, 52, '2025-06-01 12:35:52', '2025-06-01 21:35:52', 4979.34, 'Crime on technology also involve mention teacher.', 'Čeka potvrdu', 'Nije plaćeno'),
(288, 5, 74, '2025-05-16 05:25:51', '2025-05-16 10:25:51', 3755.35, 'Fine study approach book may adult.', 'Čeka potvrdu', 'Nije plaćeno'),
(289, 185, 68, '2025-06-06 02:31:01', '2025-06-06 11:31:01', 3505.72, 'Expert then per sea too.', 'Čeka potvrdu', 'Nije plaćeno'),
(290, 77, 47, '2025-06-03 10:26:44', '2025-06-03 19:26:44', 1852.23, 'Between clear other.', 'Čeka potvrdu', 'Nije plaćeno'),
(291, 179, 46, '2025-06-28 16:30:03', '2025-06-29 00:30:03', 3749.31, 'Poor risk language item herself.', 'Čeka potvrdu', 'Nije plaćeno'),
(292, 63, 40, '2025-07-02 14:45:09', '2025-07-02 17:45:09', 1234.64, 'Eat according million none everybody someone stand.', 'Čeka potvrdu', 'Nije plaćeno'),
(293, 30, 22, '2025-07-16 09:07:24', '2025-07-16 18:07:24', 564.45, 'Not must himself those.', 'Čeka potvrdu', 'Nije plaćeno'),
(294, 146, 8, '2025-07-15 17:01:18', '2025-07-15 20:01:18', 1710.15, 'Size over walk according either long.', 'Čeka potvrdu', 'Nije plaćeno'),
(295, 162, 35, '2025-06-23 06:49:48', '2025-06-23 14:49:48', 2400.01, 'Law church pull feel else red event.', 'Čeka potvrdu', 'Nije plaćeno'),
(296, 29, 44, '2025-05-24 04:33:29', '2025-05-24 09:33:29', 4738.41, 'None free again require owner of.', 'Čeka potvrdu', 'Nije plaćeno'),
(297, 57, 61, '2025-05-27 11:05:24', '2025-05-27 18:05:24', 3778.22, 'West have attack clearly action doctor final.', 'Čeka potvrdu', 'Nije plaćeno'),
(298, 114, 55, '2025-05-18 06:53:09', '2025-05-18 10:53:09', 2774.71, 'Bring ever already power.', 'Čeka potvrdu', 'Nije plaćeno'),
(299, 65, 7, '2025-05-01 23:47:56', '2025-05-02 10:47:56', 461.62, 'High today law back character drive third.', 'Čeka potvrdu', 'Nije plaćeno'),
(300, 173, 74, '2025-06-02 17:04:56', '2025-06-03 03:04:56', 964.35, 'Case road own size.', 'Čeka potvrdu', 'Nije plaćeno'),
(301, 147, 13, '2025-07-08 17:09:40', '2025-07-08 20:09:40', 2048.06, 'Leave career tough land.', 'Čeka potvrdu', 'Nije plaćeno'),
(302, 170, 77, '2025-06-25 23:15:03', '2025-06-26 11:15:03', 1210.4, 'Though matter board employee son station this product.', 'Čeka potvrdu', 'Nije plaćeno'),
(303, 182, 52, '2025-07-09 10:03:42', '2025-07-09 18:03:42', 4966.81, 'Trip practice see cover understand court already town.', 'Čeka potvrdu', 'Nije plaćeno'),
(304, 134, 66, '2025-06-23 14:34:44', '2025-06-23 20:34:44', 4462.64, 'Mention kind relationship ok gun have care.', 'Čeka potvrdu', 'Nije plaćeno'),
(305, 110, 1, '2025-06-09 21:39:35', '2025-06-10 03:39:35', 3681.04, 'Behind vote less at technology.', 'Čeka potvrdu', 'Nije plaćeno'),
(306, 75, 71, '2025-06-15 21:37:32', '2025-06-16 07:37:32', 1661.59, 'Gas career like training herself gun wide walk.', 'Čeka potvrdu', 'Nije plaćeno'),
(307, 51, 61, '2025-05-19 09:51:39', '2025-05-19 18:51:39', 4296.7, 'Group step identify.', 'Čeka potvrdu', 'Nije plaćeno'),
(308, 131, 63, '2025-07-02 18:00:50', '2025-07-03 03:00:50', 4635.41, 'Maybe notice mouth defense foot.', 'Čeka potvrdu', 'Nije plaćeno'),
(309, 149, 61, '2025-06-19 21:44:24', '2025-06-20 07:44:24', 3099.82, 'Anything next kid.', 'Čeka potvrdu', 'Nije plaćeno'),
(310, 77, 61, '2025-05-15 23:46:15', '2025-05-16 04:46:15', 3961.96, 'Pay staff exactly call strategy.', 'Čeka potvrdu', 'Nije plaćeno'),
(311, 165, 41, '2025-07-14 21:17:03', '2025-07-15 06:17:03', 3619.23, 'Mission good practice board art Democrat fall something.', 'Čeka potvrdu', 'Nije plaćeno'),
(312, 155, 40, '2025-06-09 13:45:21', '2025-06-09 18:45:21', 4616.04, 'Beautiful thank wonder peace rule.', 'Čeka potvrdu', 'Nije plaćeno'),
(313, 186, 19, '2025-05-20 01:20:12', '2025-05-20 10:20:12', 771.63, 'Treat son theory.', 'Čeka potvrdu', 'Nije plaćeno'),
(314, 10, 68, '2025-06-14 01:09:02', '2025-06-14 10:09:02', 2590.14, 'Here expect road trip teach growth.', 'Čeka potvrdu', 'Nije plaćeno'),
(315, 75, 45, '2025-06-01 09:25:41', '2025-06-01 12:25:41', 3533.92, 'Assume international push grow break best.', 'Čeka potvrdu', 'Nije plaćeno'),
(316, 169, 3, '2025-07-14 02:31:28', '2025-07-14 07:31:28', 4600.11, 'Response blood worker court executive wait.', 'Čeka potvrdu', 'Nije plaćeno'),
(317, 51, 53, '2025-05-30 18:13:24', '2025-05-30 21:13:24', 2376.0, 'President task both think day improve manage.', 'Čeka potvrdu', 'Nije plaćeno'),
(318, 63, 36, '2025-05-16 13:21:13', '2025-05-16 21:21:13', 3263.02, 'Professor table control first.', 'Čeka potvrdu', 'Nije plaćeno'),
(319, 18, 2, '2025-06-05 03:01:42', '2025-06-05 14:01:42', 3931.22, 'Country will reality.', 'Čeka potvrdu', 'Nije plaćeno'),
(320, 190, 55, '2025-05-13 11:08:08', '2025-05-13 19:08:08', 3747.92, 'Board yourself lot thousand finally much bit soldier.', 'Čeka potvrdu', 'Nije plaćeno'),
(321, 94, 27, '2025-07-01 01:09:01', '2025-07-01 10:09:01', 688.96, 'Choose similar manager room range face.', 'Čeka potvrdu', 'Nije plaćeno'),
(322, 111, 73, '2025-05-07 19:43:57', '2025-05-08 06:43:57', 4597.26, 'Nation memory five four research draw nothing.', 'Čeka potvrdu', 'Nije plaćeno'),
(323, 31, 3, '2025-07-14 22:45:44', '2025-07-15 08:45:44', 3048.62, 'According run rather our painting friend job effect.', 'Čeka potvrdu', 'Nije plaćeno'),
(324, 199, 21, '2025-05-03 06:50:36', '2025-05-03 16:50:36', 1012.67, 'Hear particularly work clear to.', 'Čeka potvrdu', 'Nije plaćeno'),
(325, 35, 37, '2025-05-09 06:51:52', '2025-05-09 11:51:52', 3526.62, 'Family position from any their doctor.', 'Čeka potvrdu', 'Nije plaćeno'),
(326, 126, 12, '2025-06-04 17:10:00', '2025-06-04 20:10:00', 1995.21, 'Tree believe born ground language work.', 'Čeka potvrdu', 'Nije plaćeno'),
(327, 153, 37, '2025-05-14 05:47:28', '2025-05-14 12:47:28', 4886.74, 'Identify measure detail wide seat kind cultural.', 'Čeka potvrdu', 'Nije plaćeno'),
(328, 107, 18, '2025-06-21 16:54:10', '2025-06-21 22:54:10', 1691.44, 'Stage focus myself well something claim own.', 'Čeka potvrdu', 'Nije plaćeno'),
(329, 57, 18, '2025-05-31 10:46:04', '2025-05-31 21:46:04', 3169.71, 'Road decision that executive water all.', 'Čeka potvrdu', 'Nije plaćeno'),
(330, 199, 7, '2025-05-16 05:40:38', '2025-05-16 08:40:38', 2828.09, 'Ground describe particularly professional building.', 'Čeka potvrdu', 'Nije plaćeno'),
(331, 145, 41, '2025-06-05 17:02:59', '2025-06-05 20:02:59', 1255.98, 'Real college person they share.', 'Čeka potvrdu', 'Nije plaćeno'),
(332, 6, 11, '2025-06-05 01:37:01', '2025-06-05 07:37:01', 1118.28, 'Treatment age each he certainly page dinner.', 'Čeka potvrdu', 'Nije plaćeno'),
(333, 71, 37, '2025-05-18 13:15:25', '2025-05-19 00:15:25', 4311.46, 'Argue line if agreement thought.', 'Čeka potvrdu', 'Nije plaćeno'),
(334, 183, 43, '2025-07-25 12:43:55', '2025-07-25 22:43:55', 2999.23, 'Have what him system order door.', 'Čeka potvrdu', 'Nije plaćeno'),
(335, 159, 37, '2025-05-22 21:14:20', '2025-05-23 09:14:20', 4526.74, 'Include member pressure.', 'Čeka potvrdu', 'Nije plaćeno'),
(336, 45, 57, '2025-07-09 15:56:57', '2025-07-09 22:56:57', 1095.67, 'Carry land theory conference couple although despite.', 'Čeka potvrdu', 'Nije plaćeno'),
(337, 158, 66, '2025-05-23 07:20:19', '2025-05-23 17:20:19', 4521.9, 'Though ten both.', 'Čeka potvrdu', 'Nije plaćeno'),
(338, 43, 63, '2025-06-16 15:18:52', '2025-06-16 20:18:52', 2411.56, 'Attention behavior body keep although plan.', 'Čeka potvrdu', 'Nije plaćeno'),
(339, 6, 44, '2025-07-24 21:58:02', '2025-07-25 06:58:02', 2672.57, 'Eat air doctor away.', 'Čeka potvrdu', 'Nije plaćeno'),
(340, 75, 46, '2025-05-08 00:44:07', '2025-05-08 08:44:07', 3081.29, 'Fire tend area just church buy participant.', 'Čeka potvrdu', 'Nije plaćeno'),
(341, 129, 47, '2025-06-10 20:27:10', '2025-06-11 02:27:10', 3453.67, 'Large quickly people sense while wish.', 'Čeka potvrdu', 'Nije plaćeno'),
(342, 133, 9, '2025-07-17 05:34:03', '2025-07-17 16:34:03', 3655.77, 'Ability policy meeting degree.', 'Čeka potvrdu', 'Nije plaćeno'),
(343, 26, 59, '2025-06-15 08:34:07', '2025-06-15 14:34:07', 2827.33, 'Long pattern record Mrs visit talk American.', 'Čeka potvrdu', 'Nije plaćeno'),
(344, 149, 35, '2025-07-01 16:18:46', '2025-07-02 02:18:46', 2262.63, 'Necessary itself treat research office.', 'Čeka potvrdu', 'Nije plaćeno'),
(345, 78, 48, '2025-06-17 22:49:29', '2025-06-18 07:49:29', 3561.28, 'Task scientist soon increase interesting career his administration.', 'Čeka potvrdu', 'Nije plaćeno'),
(346, 161, 10, '2025-05-10 13:38:55', '2025-05-10 16:38:55', 1599.69, 'Property full break at upon study.', 'Čeka potvrdu', 'Nije plaćeno'),
(347, 102, 48, '2025-06-20 02:56:43', '2025-06-20 08:56:43', 4731.79, 'Maybe produce art dinner too.', 'Čeka potvrdu', 'Nije plaćeno'),
(348, 141, 20, '2025-05-10 10:07:06', '2025-05-10 17:07:06', 3485.66, 'Move push amount.', 'Čeka potvrdu', 'Nije plaćeno'),
(349, 114, 51, '2025-07-20 08:59:29', '2025-07-20 18:59:29', 4615.93, 'Special inside their condition present prevent.', 'Čeka potvrdu', 'Nije plaćeno'),
(350, 150, 45, '2025-05-21 14:48:13', '2025-05-22 02:48:13', 2700.23, 'Certain citizen vote.', 'Čeka potvrdu', 'Nije plaćeno'),
(351, 190, 53, '2025-07-11 02:05:00', '2025-07-11 06:05:00', 3471.45, 'Official pretty speech.', 'Čeka potvrdu', 'Nije plaćeno'),
(352, 58, 55, '2025-06-28 14:50:43', '2025-06-29 02:50:43', 3183.06, 'Own song trip friend occur.', 'Čeka potvrdu', 'Nije plaćeno'),
(353, 179, 6, '2025-07-19 17:16:16', '2025-07-19 21:16:16', 1582.11, 'Tell begin free thus too strategy.', 'Čeka potvrdu', 'Nije plaćeno'),
(354, 13, 78, '2025-07-26 01:19:45', '2025-07-26 06:19:45', 1905.99, 'List large land various run.', 'Čeka potvrdu', 'Nije plaćeno'),
(355, 89, 7, '2025-05-03 16:05:23', '2025-05-03 19:05:23', 4665.78, 'Raise successful degree nation with physical reason.', 'Čeka potvrdu', 'Nije plaćeno'),
(356, 77, 54, '2025-06-17 10:01:10', '2025-06-17 18:01:10', 769.48, 'Need short great control them.', 'Čeka potvrdu', 'Nije plaćeno'),
(357, 162, 19, '2025-07-11 23:11:00', '2025-07-12 03:11:00', 4738.42, 'Something pressure figure number career.', 'Čeka potvrdu', 'Nije plaćeno'),
(358, 150, 80, '2025-05-16 11:08:23', '2025-05-16 23:08:23', 3286.0, 'Rest machine whether later character full interest buy.', 'Čeka potvrdu', 'Nije plaćeno'),
(359, 10, 14, '2025-06-22 05:45:10', '2025-06-22 14:45:10', 648.14, 'Choose article be less spend size notice computer.', 'Čeka potvrdu', 'Nije plaćeno'),
(360, 21, 29, '2025-05-13 12:09:37', '2025-05-13 16:09:37', 3458.32, 'Certainly kid when their employee.', 'Čeka potvrdu', 'Nije plaćeno'),
(361, 11, 5, '2025-06-24 02:21:33', '2025-06-24 10:21:33', 390.42, 'Her add good power.', 'Čeka potvrdu', 'Nije plaćeno'),
(362, 94, 36, '2025-05-07 18:36:59', '2025-05-08 01:36:59', 4904.72, 'Color break or customer we man.', 'Čeka potvrdu', 'Nije plaćeno'),
(363, 39, 17, '2025-05-15 19:50:53', '2025-05-15 23:50:53', 630.11, 'Road several skin painting ok wait any huge.', 'Čeka potvrdu', 'Nije plaćeno'),
(364, 81, 23, '2025-07-09 02:40:12', '2025-07-09 10:40:12', 2970.27, 'Writer between spring them up anything.', 'Čeka potvrdu', 'Nije plaćeno'),
(365, 70, 31, '2025-05-21 08:29:19', '2025-05-21 15:29:19', 2375.99, 'Serious figure hour letter.', 'Čeka potvrdu', 'Nije plaćeno'),
(366, 47, 56, '2025-05-17 06:57:49', '2025-05-17 12:57:49', 772.75, 'Will us book finally pick major adult.', 'Čeka potvrdu', 'Nije plaćeno'),
(367, 127, 51, '2025-05-16 05:58:15', '2025-05-16 09:58:15', 3222.95, 'Team full west citizen school door interview.', 'Čeka potvrdu', 'Nije plaćeno'),
(368, 74, 53, '2025-05-27 14:34:08', '2025-05-27 17:34:08', 3937.75, 'Near financial scientist clear truth.', 'Čeka potvrdu', 'Nije plaćeno'),
(369, 7, 63, '2025-05-06 22:44:11', '2025-05-07 02:44:11', 2988.42, 'Age center term arm TV.', 'Čeka potvrdu', 'Nije plaćeno'),
(370, 59, 21, '2025-04-30 14:53:16', '2025-04-30 23:53:16', 4007.72, 'Eat there major represent billion fast particular.', 'Čeka potvrdu', 'Nije plaćeno'),
(371, 107, 52, '2025-07-15 18:30:39', '2025-07-16 06:30:39', 4253.45, 'Lay source smile.', 'Čeka potvrdu', 'Nije plaćeno'),
(372, 31, 64, '2025-05-22 15:05:55', '2025-05-22 18:05:55', 4049.93, 'Paper pass attack be point thing.', 'Čeka potvrdu', 'Nije plaćeno'),
(373, 75, 13, '2025-06-21 04:52:31', '2025-06-21 07:52:31', 3345.13, 'Heavy claim subject collection.', 'Čeka potvrdu', 'Nije plaćeno'),
(374, 94, 37, '2025-06-24 10:47:07', '2025-06-24 20:47:07', 2807.28, 'Take say country economic garden.', 'Čeka potvrdu', 'Nije plaćeno'),
(375, 145, 17, '2025-07-16 09:10:23', '2025-07-16 15:10:23', 1819.63, 'Old stand huge.', 'Čeka potvrdu', 'Nije plaćeno'),
(376, 23, 47, '2025-06-07 00:30:39', '2025-06-07 10:30:39', 4116.99, 'By experience force.', 'Čeka potvrdu', 'Nije plaćeno'),
(377, 183, 19, '2025-07-26 09:18:08', '2025-07-26 20:18:08', 4574.99, 'Really final fill fear.', 'Čeka potvrdu', 'Nije plaćeno'),
(378, 78, 19, '2025-06-24 19:02:26', '2025-06-25 02:02:26', 728.43, 'Cost region experience anything morning something his.', 'Čeka potvrdu', 'Nije plaćeno'),
(379, 107, 8, '2025-05-19 14:35:41', '2025-05-19 21:35:41', 3409.08, 'Appear power goal number community matter together.', 'Čeka potvrdu', 'Nije plaćeno'),
(380, 178, 44, '2025-06-14 17:26:17', '2025-06-14 20:26:17', 731.66, 'Resource kid television third human across.', 'Čeka potvrdu', 'Nije plaćeno'),
(381, 127, 74, '2025-05-31 15:42:44', '2025-05-31 19:42:44', 544.08, 'Network single well wide.', 'Čeka potvrdu', 'Nije plaćeno'),
(382, 191, 50, '2025-07-09 05:05:12', '2025-07-09 16:05:12', 1578.59, 'Tree she must check.', 'Čeka potvrdu', 'Nije plaćeno'),
(383, 161, 76, '2025-06-05 18:55:24', '2025-06-06 03:55:24', 4061.88, 'Through program capital stay.', 'Čeka potvrdu', 'Nije plaćeno'),
(384, 39, 48, '2025-07-15 09:16:45', '2025-07-15 15:16:45', 1352.75, 'Federal time until work democratic listen conference.', 'Čeka potvrdu', 'Nije plaćeno'),
(385, 182, 60, '2025-07-23 12:49:17', '2025-07-24 00:49:17', 2810.12, 'Sometimes despite support individual direction.', 'Čeka potvrdu', 'Nije plaćeno'),
(386, 39, 70, '2025-05-13 00:46:17', '2025-05-13 10:46:17', 4707.22, 'As agreement owner live middle.', 'Čeka potvrdu', 'Nije plaćeno'),
(387, 134, 64, '2025-06-14 17:08:28', '2025-06-15 00:08:28', 2228.55, 'North wait quickly.', 'Čeka potvrdu', 'Nije plaćeno'),
(388, 195, 45, '2025-07-15 21:18:05', '2025-07-16 05:18:05', 476.17, 'Degree national foot.', 'Čeka potvrdu', 'Nije plaćeno'),
(389, 139, 58, '2025-06-25 21:45:07', '2025-06-26 03:45:07', 3237.29, 'Try mention free important.', 'Čeka potvrdu', 'Nije plaćeno'),
(390, 53, 45, '2025-05-24 14:56:20', '2025-05-24 19:56:20', 2968.68, 'Fact day sing seat green lawyer later approach.', 'Čeka potvrdu', 'Nije plaćeno'),
(391, 135, 44, '2025-05-02 20:06:43', '2025-05-03 01:06:43', 1899.38, 'Number political road include bill.', 'Čeka potvrdu', 'Nije plaćeno'),
(392, 22, 15, '2025-06-21 13:17:37', '2025-06-21 23:17:37', 3325.37, 'Professor feel goal ever reach.', 'Čeka potvrdu', 'Nije plaćeno'),
(393, 55, 23, '2025-06-28 03:15:16', '2025-06-28 15:15:16', 604.18, 'Either single against this trial.', 'Čeka potvrdu', 'Nije plaćeno'),
(394, 5, 22, '2025-05-02 02:31:45', '2025-05-02 11:31:45', 3715.01, 'Daughter activity seven few.', 'Čeka potvrdu', 'Nije plaćeno'),
(395, 13, 25, '2025-05-24 14:40:33', '2025-05-24 21:40:33', 1542.55, 'Sign right increase great everyone.', 'Čeka potvrdu', 'Nije plaćeno'),
(396, 34, 44, '2025-05-11 20:50:51', '2025-05-12 00:50:51', 2922.38, 'Leg hotel help nature financial less way.', 'Čeka potvrdu', 'Nije plaćeno'),
(397, 198, 76, '2025-06-29 08:45:20', '2025-06-29 15:45:20', 668.44, 'Whose heavy necessary west fish dark itself.', 'Čeka potvrdu', 'Nije plaćeno'),
(398, 146, 72, '2025-05-22 02:44:58', '2025-05-22 08:44:58', 2869.05, 'Anyone coach along operation effect far cost.', 'Čeka potvrdu', 'Nije plaćeno'),
(399, 138, 65, '2025-05-12 10:46:12', '2025-05-12 13:46:12', 1843.92, 'Republican energy cell feeling writer window bad imagine.', 'Čeka potvrdu', 'Nije plaćeno'),
(400, 197, 48, '2025-06-25 17:27:52', '2025-06-26 00:27:52', 3840.27, 'Race police police sister so anyone.', 'Čeka potvrdu', 'Nije plaćeno'),
(401, 165, 15, '2025-07-07 11:07:12', '2025-07-07 18:07:12', 4413.67, 'Risk job information fire especially.', 'Čeka potvrdu', 'Nije plaćeno'),
(402, 99, 31, '2025-07-26 18:43:37', '2025-07-26 22:43:37', 2566.83, 'Nothing make difference old film hand call.', 'Čeka potvrdu', 'Nije plaćeno'),
(403, 175, 33, '2025-07-05 01:32:36', '2025-07-05 12:32:36', 2146.77, 'Claim hold by simple.', 'Čeka potvrdu', 'Nije plaćeno'),
(404, 2, 44, '2025-07-10 12:43:38', '2025-07-10 18:43:38', 2982.81, 'Ground kind phone process religious worry get billion.', 'Čeka potvrdu', 'Nije plaćeno'),
(405, 30, 50, '2025-05-18 18:02:10', '2025-05-19 06:02:10', 2444.52, 'Agency contain onto relationship significant today.', 'Čeka potvrdu', 'Nije plaćeno'),
(406, 171, 48, '2025-06-10 13:18:18', '2025-06-11 00:18:18', 2465.8, 'Term blood market view decision thing.', 'Čeka potvrdu', 'Nije plaćeno'),
(407, 123, 65, '2025-05-19 17:04:25', '2025-05-19 20:04:25', 4408.38, 'Low head relationship offer piece serve.', 'Čeka potvrdu', 'Nije plaćeno'),
(408, 143, 38, '2025-05-30 16:37:16', '2025-05-30 22:37:16', 3510.92, 'Alone between hit itself.', 'Čeka potvrdu', 'Nije plaćeno'),
(409, 67, 60, '2025-06-14 01:05:33', '2025-06-14 10:05:33', 3194.9, 'Increase hour themselves church tonight stop.', 'Čeka potvrdu', 'Nije plaćeno'),
(410, 49, 63, '2025-07-09 19:21:44', '2025-07-10 07:21:44', 4211.57, 'Spend game building miss rather once smile.', 'Čeka potvrdu', 'Nije plaćeno'),
(411, 1, 11, '2025-07-17 11:40:58', '2025-07-17 15:40:58', 1123.3, 'Seat response war focus question system remain.', 'Čeka potvrdu', 'Nije plaćeno'),
(412, 9, 74, '2025-05-23 14:59:12', '2025-05-23 22:59:12', 1610.29, 'Practice threat enjoy window town society.', 'Čeka potvrdu', 'Nije plaćeno'),
(413, 43, 68, '2025-06-15 08:11:25', '2025-06-15 20:11:25', 502.3, 'Phone carry reflect like cultural region.', 'Čeka potvrdu', 'Nije plaćeno'),
(414, 65, 78, '2025-06-10 05:50:53', '2025-06-10 11:50:53', 750.62, 'Great student religious most consumer.', 'Čeka potvrdu', 'Nije plaćeno'),
(415, 85, 76, '2025-06-16 22:36:08', '2025-06-17 06:36:08', 2806.22, 'Term behind beyond firm bill.', 'Čeka potvrdu', 'Nije plaćeno'),
(416, 99, 11, '2025-06-22 16:54:55', '2025-06-22 21:54:55', 4348.42, 'Individual support loss indicate approach out before.', 'Čeka potvrdu', 'Nije plaćeno'),
(417, 18, 22, '2025-06-03 07:07:36', '2025-06-03 17:07:36', 4306.08, 'Mission far organization section.', 'Čeka potvrdu', 'Nije plaćeno'),
(418, 141, 17, '2025-06-25 16:52:22', '2025-06-25 22:52:22', 955.3, 'Find first return paper.', 'Čeka potvrdu', 'Nije plaćeno'),
(419, 186, 24, '2025-07-19 03:47:52', '2025-07-19 08:47:52', 1917.06, 'Business financial system lawyer television.', 'Čeka potvrdu', 'Nije plaćeno'),
(420, 45, 50, '2025-07-22 13:39:41', '2025-07-22 21:39:41', 1417.94, 'Road interesting smile provide amount gun.', 'Čeka potvrdu', 'Nije plaćeno'),
(421, 190, 9, '2025-06-19 19:56:09', '2025-06-20 02:56:09', 830.1, 'Wall maintain win certain American defense policy.', 'Čeka potvrdu', 'Nije plaćeno'),
(422, 19, 39, '2025-05-17 15:37:06', '2025-05-18 03:37:06', 3738.14, 'Deal others suddenly billion such.', 'Čeka potvrdu', 'Nije plaćeno'),
(423, 131, 28, '2025-05-27 05:15:36', '2025-05-27 08:15:36', 1255.64, 'Central provide rest finish newspaper.', 'Čeka potvrdu', 'Nije plaćeno'),
(424, 119, 10, '2025-06-28 04:25:54', '2025-06-28 15:25:54', 656.78, 'Hair interest point.', 'Čeka potvrdu', 'Nije plaćeno'),
(425, 107, 39, '2025-07-17 21:02:59', '2025-07-18 01:02:59', 4136.46, 'Reach way speech agreement west certainly sound beyond.', 'Čeka potvrdu', 'Nije plaćeno'),
(426, 99, 31, '2025-04-30 18:47:00', '2025-05-01 05:47:00', 1428.02, 'Thing throw dog response kitchen feeling discussion officer.', 'Čeka potvrdu', 'Nije plaćeno'),
(427, 187, 38, '2025-06-08 16:33:28', '2025-06-09 02:33:28', 4791.1, 'Cell success international physical hotel catch.', 'Čeka potvrdu', 'Nije plaćeno'),
(428, 70, 69, '2025-05-05 05:22:16', '2025-05-05 14:22:16', 3592.07, 'Two card bring allow response reason.', 'Čeka potvrdu', 'Nije plaćeno'),
(429, 173, 66, '2025-06-09 00:53:21', '2025-06-09 10:53:21', 3712.41, 'Bank action take important adult almost several.', 'Čeka potvrdu', 'Nije plaćeno'),
(430, 2, 37, '2025-06-02 05:42:16', '2025-06-02 10:42:16', 3308.06, 'Dinner son tough capital.', 'Čeka potvrdu', 'Nije plaćeno'),
(431, 34, 41, '2025-06-28 02:45:45', '2025-06-28 12:45:45', 3127.75, 'Indeed down still somebody both.', 'Čeka potvrdu', 'Nije plaćeno'),
(432, 126, 38, '2025-06-23 23:44:09', '2025-06-24 06:44:09', 976.45, 'Seek enter his board read common thank.', 'Čeka potvrdu', 'Nije plaćeno'),
(433, 138, 49, '2025-05-14 20:07:37', '2025-05-15 04:07:37', 1554.26, 'Development should enough from factor may.', 'Čeka potvrdu', 'Nije plaćeno'),
(434, 146, 20, '2025-05-29 01:20:03', '2025-05-29 08:20:03', 3308.02, 'Shake senior easy everything outside.', 'Čeka potvrdu', 'Nije plaćeno'),
(435, 191, 24, '2025-06-06 07:05:43', '2025-06-06 11:05:43', 4793.65, 'Enjoy onto provide system but pass huge condition.', 'Čeka potvrdu', 'Nije plaćeno'),
(436, 125, 23, '2025-06-25 07:34:35', '2025-06-25 15:34:35', 2983.96, 'Industry century pay recent.', 'Čeka potvrdu', 'Nije plaćeno'),
(437, 109, 16, '2025-06-21 10:10:22', '2025-06-21 21:10:22', 1882.7, 'Other specific police no event fight street ten.', 'Čeka potvrdu', 'Nije plaćeno'),
(438, 134, 57, '2025-05-03 23:11:27', '2025-05-04 03:11:27', 4030.46, 'Task somebody success traditional consider common threat.', 'Čeka potvrdu', 'Nije plaćeno'),
(439, 105, 75, '2025-05-10 20:50:46', '2025-05-11 07:50:46', 2449.63, 'Wife training finish feel offer.', 'Čeka potvrdu', 'Nije plaćeno'),
(440, 46, 56, '2025-06-17 20:40:33', '2025-06-18 05:40:33', 3390.62, 'Agency discuss author style outside usually sell.', 'Čeka potvrdu', 'Nije plaćeno'),
(441, 181, 48, '2025-05-18 22:23:02', '2025-05-19 03:23:02', 4170.76, 'Discuss town adult fast continue economy voice.', 'Čeka potvrdu', 'Nije plaćeno'),
(442, 9, 1, '2025-05-23 08:50:05', '2025-05-23 18:50:05', 3069.36, 'Crime recently put just personal sea.', 'Čeka potvrdu', 'Nije plaćeno'),
(443, 14, 41, '2025-05-14 07:51:56', '2025-05-14 18:51:56', 1059.72, 'High human present risk.', 'Čeka potvrdu', 'Nije plaćeno'),
(444, 26, 38, '2025-07-15 15:47:10', '2025-07-16 02:47:10', 4726.41, 'Tonight possible social drop top.', 'Čeka potvrdu', 'Nije plaćeno'),
(445, 10, 78, '2025-06-15 12:04:53', '2025-06-15 22:04:53', 889.27, 'Still physical require occur.', 'Čeka potvrdu', 'Nije plaćeno'),
(446, 38, 22, '2025-07-27 19:24:54', '2025-07-28 03:24:54', 4343.86, 'Dinner always question kitchen cultural.', 'Čeka potvrdu', 'Nije plaćeno'),
(447, 199, 31, '2025-07-16 13:57:57', '2025-07-16 18:57:57', 2680.62, 'Care arm in city share receive than house.', 'Čeka potvrdu', 'Nije plaćeno'),
(448, 135, 3, '2025-06-12 15:48:52', '2025-06-12 22:48:52', 439.48, 'Take even reality piece cut former.', 'Čeka potvrdu', 'Nije plaćeno'),
(449, 118, 33, '2025-07-26 11:40:43', '2025-07-26 19:40:43', 1387.54, 'Important hear art finish deal.', 'Čeka potvrdu', 'Nije plaćeno'),
(450, 39, 17, '2025-06-17 08:02:05', '2025-06-17 19:02:05', 1701.4, 'Follow note all season.', 'Čeka potvrdu', 'Nije plaćeno'),
(451, 41, 72, '2025-06-08 13:24:24', '2025-06-09 00:24:24', 4288.99, 'Look sing front control.', 'Čeka potvrdu', 'Nije plaćeno'),
(452, 47, 25, '2025-06-01 11:44:26', '2025-06-01 21:44:26', 4148.31, 'Lose despite tree mention along benefit spring toward.', 'Čeka potvrdu', 'Nije plaćeno'),
(453, 15, 11, '2025-06-28 08:33:48', '2025-06-28 13:33:48', 4651.81, 'Easy important small outside business pass hotel I.', 'Čeka potvrdu', 'Nije plaćeno'),
(454, 127, 7, '2025-05-22 03:53:25', '2025-05-22 13:53:25', 1218.57, 'Force throughout admit somebody feeling yard side.', 'Čeka potvrdu', 'Nije plaćeno'),
(455, 99, 71, '2025-07-17 04:11:55', '2025-07-17 08:11:55', 3051.65, 'Score only safe pass.', 'Čeka potvrdu', 'Nije plaćeno'),
(456, 137, 14, '2025-06-13 07:45:43', '2025-06-13 19:45:43', 896.39, 'Hope others just hospital certainly.', 'Čeka potvrdu', 'Nije plaćeno'),
(457, 41, 49, '2025-05-04 08:25:53', '2025-05-04 19:25:53', 2430.64, 'Reason pretty happy.', 'Čeka potvrdu', 'Nije plaćeno'),
(458, 9, 40, '2025-06-26 09:23:40', '2025-06-26 18:23:40', 1173.53, 'Lead up early seven catch ten local.', 'Čeka potvrdu', 'Nije plaćeno'),
(459, 18, 40, '2025-06-11 02:31:55', '2025-06-11 12:31:55', 3264.53, 'Personal character allow call.', 'Čeka potvrdu', 'Nije plaćeno'),
(460, 190, 60, '2025-06-19 04:14:24', '2025-06-19 09:14:24', 3542.85, 'South it campaign strategy.', 'Čeka potvrdu', 'Nije plaćeno'),
(461, 65, 49, '2025-06-29 23:03:03', '2025-06-30 07:03:03', 4926.99, 'General car right his.', 'Čeka potvrdu', 'Nije plaćeno'),
(462, 45, 24, '2025-06-30 10:11:43', '2025-06-30 19:11:43', 4705.65, 'Similar sister day day call listen center.', 'Čeka potvrdu', 'Nije plaćeno'),
(463, 81, 41, '2025-06-01 11:38:05', '2025-06-01 23:38:05', 3059.86, 'Picture morning skill southern.', 'Čeka potvrdu', 'Nije plaćeno'),
(464, 66, 52, '2025-07-18 02:52:37', '2025-07-18 10:52:37', 2226.13, 'Open including not people clearly question act.', 'Čeka potvrdu', 'Nije plaćeno'),
(465, 199, 63, '2025-06-05 17:56:06', '2025-06-05 22:56:06', 3985.68, 'Individual color wide development Mr.', 'Čeka potvrdu', 'Nije plaćeno'),
(466, 126, 8, '2025-07-12 18:28:25', '2025-07-12 23:28:25', 3486.54, 'Road throw than should resource.', 'Čeka potvrdu', 'Nije plaćeno'),
(467, 54, 51, '2025-05-15 02:25:21', '2025-05-15 06:25:21', 4561.04, 'Before east raise floor brother figure.', 'Čeka potvrdu', 'Nije plaćeno'),
(468, 137, 24, '2025-06-25 17:15:14', '2025-06-25 22:15:14', 2353.18, 'Fly positive rock property address rise pass.', 'Čeka potvrdu', 'Nije plaćeno'),
(469, 182, 17, '2025-05-27 14:47:51', '2025-05-28 00:47:51', 4049.59, 'Society unit plan.', 'Čeka potvrdu', 'Nije plaćeno'),
(470, 5, 57, '2025-05-03 02:54:01', '2025-05-03 05:54:01', 1348.45, 'State last guess case forget within all.', 'Čeka potvrdu', 'Nije plaćeno'),
(471, 83, 61, '2025-06-13 08:01:08', '2025-06-13 11:01:08', 1063.3, 'Owner commercial area particularly third strong management.', 'Čeka potvrdu', 'Nije plaćeno'),
(472, 35, 46, '2025-06-06 21:59:16', '2025-06-07 08:59:16', 542.97, 'Available agree sense true success chair everyone agency.', 'Čeka potvrdu', 'Nije plaćeno'),
(473, 163, 67, '2025-07-26 22:00:11', '2025-07-27 01:00:11', 2465.4, 'Feeling woman kid.', 'Čeka potvrdu', 'Nije plaćeno'),
(474, 45, 38, '2025-06-22 10:38:47', '2025-06-22 16:38:47', 2131.92, 'Where become budget data process decade enough subject.', 'Čeka potvrdu', 'Nije plaćeno'),
(475, 158, 69, '2025-07-06 06:18:11', '2025-07-06 11:18:11', 1456.5, 'Investment sound guy customer loss charge well.', 'Čeka potvrdu', 'Nije plaćeno'),
(476, 21, 61, '2025-06-12 12:56:22', '2025-06-12 15:56:22', 1409.95, 'Especially establish eye.', 'Čeka potvrdu', 'Nije plaćeno'),
(477, 173, 78, '2025-05-14 19:11:55', '2025-05-15 03:11:55', 2450.5, 'Program theory during data maintain thank example same.', 'Čeka potvrdu', 'Nije plaćeno'),
(478, 194, 40, '2025-06-17 15:19:12', '2025-06-18 01:19:12', 1056.01, 'Voice final employee method fill tree.', 'Čeka potvrdu', 'Nije plaćeno'),
(479, 147, 68, '2025-05-07 08:37:14', '2025-05-07 18:37:14', 748.98, 'Very pull itself five.', 'Čeka potvrdu', 'Nije plaćeno'),
(480, 167, 31, '2025-05-02 10:58:29', '2025-05-02 17:58:29', 3876.15, 'Special yard yet leave.', 'Čeka potvrdu', 'Nije plaćeno'),
(481, 49, 2, '2025-07-23 09:51:55', '2025-07-23 21:51:55', 547.03, 'Claim bit check truth go life.', 'Čeka potvrdu', 'Nije plaćeno'),
(482, 114, 78, '2025-07-07 10:17:09', '2025-07-07 14:17:09', 1856.41, 'Guess design take Mr compare when.', 'Čeka potvrdu', 'Nije plaćeno'),
(483, 47, 45, '2025-07-20 01:51:59', '2025-07-20 09:51:59', 2558.65, 'Significant position factor scientist total.', 'Čeka potvrdu', 'Nije plaćeno'),
(484, 127, 21, '2025-05-23 22:05:07', '2025-05-24 05:05:07', 2212.13, 'Out own affect better hold to major.', 'Čeka potvrdu', 'Nije plaćeno'),
(485, 159, 58, '2025-06-13 02:40:39', '2025-06-13 13:40:39', 1934.05, 'Agreement age act chair.', 'Čeka potvrdu', 'Nije plaćeno'),
(486, 103, 79, '2025-07-11 15:14:13', '2025-07-12 02:14:13', 3529.88, 'More series future war.', 'Čeka potvrdu', 'Nije plaćeno'),
(487, 173, 17, '2025-05-28 02:31:18', '2025-05-28 08:31:18', 568.84, 'East church fine ahead east there various.', 'Čeka potvrdu', 'Nije plaćeno'),
(488, 123, 45, '2025-07-11 08:52:41', '2025-07-11 20:52:41', 592.97, 'Quite good possible world.', 'Čeka potvrdu', 'Nije plaćeno'),
(489, 175, 2, '2025-05-28 21:03:15', '2025-05-29 01:03:15', 4371.09, 'Main out event watch newspaper cause.', 'Čeka potvrdu', 'Nije plaćeno'),
(490, 199, 41, '2025-05-24 13:15:00', '2025-05-24 22:15:00', 3546.87, 'Dark attention always.', 'Čeka potvrdu', 'Nije plaćeno'),
(491, 25, 43, '2025-05-26 22:23:56', '2025-05-27 08:23:56', 1878.24, 'Base today public little risk look.', 'Čeka potvrdu', 'Nije plaćeno'),
(492, 21, 52, '2025-05-09 23:41:28', '2025-05-10 02:41:28', 3766.91, 'Star guy me go.', 'Čeka potvrdu', 'Nije plaćeno'),
(493, 89, 31, '2025-07-12 11:04:01', '2025-07-12 14:04:01', 4106.88, 'Glass coach whether language new.', 'Čeka potvrdu', 'Nije plaćeno'),
(494, 9, 57, '2025-05-05 21:14:06', '2025-05-06 09:14:06', 3344.85, 'Pay your several leave seem half.', 'Čeka potvrdu', 'Nije plaćeno'),
(495, 197, 2, '2025-07-23 05:50:28', '2025-07-23 11:50:28', 726.45, 'Left half true someone any truth provide.', 'Čeka potvrdu', 'Nije plaćeno'),
(496, 110, 47, '2025-05-28 15:50:41', '2025-05-28 20:50:41', 4774.0, 'Rate party either face first.', 'Čeka potvrdu', 'Nije plaćeno'),
(497, 155, 54, '2025-04-30 10:55:05', '2025-04-30 17:55:05', 3525.01, 'Along friend its above now claim memory.', 'Čeka potvrdu', 'Nije plaćeno'),
(498, 67, 3, '2025-05-03 09:05:31', '2025-05-03 19:05:31', 2087.05, 'Structure picture number man yes.', 'Čeka potvrdu', 'Nije plaćeno'),
(499, 195, 78, '2025-07-14 15:44:41', '2025-07-14 22:44:41', 1981.99, 'Dinner significant law knowledge charge visit last part.', 'Čeka potvrdu', 'Nije plaćeno'),
(500, 2, 45, '2025-06-13 17:50:00', '2025-06-13 23:50:00', 3426.92, 'Food magazine nice send of organization finally.', 'Čeka potvrdu', 'Nije plaćeno');

INSERT INTO gost (gost_id, rezervacija_id, ime, prezime, email) VALUES
(1, 173, 'Amber', 'Bailey', 'natasha71@yahoo.com'),
(2, 111, 'Rebecca', 'Simon', 'william72@moore-collier.info'),
(3, 436, 'John', 'Woods', 'nglenn@yahoo.com'),
(4, 362, 'Natalie', 'Gonzales', 'jjohnson@hotmail.com'),
(5, 394, 'Tina', 'Gomez', 'carolynrodgers@jenkins.com'),
(6, 345, 'Daniel', 'Taylor', 'savannahmueller@gmail.com'),
(7, 337, 'Alexander', 'Thompson', 'lisabell@brooks.com'),
(8, 143, 'Jessica', 'Santos', 'amanda30@rodriguez.com'),
(9, 8, 'Janet', 'Ward', 'ymanning@yahoo.com'),
(10, 333, 'Michael', 'Rowe', 'andrewhanson@sanchez.com'),
(11, 64, 'Tina', 'Smith', 'christianpetersen@haynes.com'),
(12, 51, 'Lisa', 'Lawson', 'zrivera@villegas.org'),
(13, 234, 'Richard', 'Atkinson', 'adrian50@gmail.com'),
(14, 175, 'Christina', 'Arnold', 'hillbailey@gmail.com'),
(15, 46, 'Patricia', 'Brown', 'calvinmorris@yahoo.com'),
(16, 208, 'Cynthia', 'Mann', 'adamsmichelle@hotmail.com'),
(17, 137, 'Mitchell', 'Hendricks', 'lflores@vaughn.com'),
(18, 174, 'Valerie', 'Anderson', 'regina69@matthews-collins.com'),
(19, 374, 'Maxwell', 'Fowler', 'christopherquinn@hall-johnson.com'),
(20, 189, 'Kimberly', 'Gibbs', 'robertwade@hotmail.com'),
(21, 41, 'Jennifer', 'Bates', 'reillydavid@yahoo.com'),
(22, 466, 'Autumn', 'Jones', 'robert85@dunn.org'),
(23, 383, 'Billy', 'Colon', 'jennifer02@yahoo.com'),
(24, 225, 'Lisa', 'Gomez', 'ijenkins@hotmail.com'),
(25, 459, 'Jessica', 'Galvan', 'blakejohn@yahoo.com'),
(26, 418, 'James', 'Schroeder', 'dfrancis@rodriguez.org'),
(27, 430, 'Kimberly', 'Gomez', 'todd32@gmail.com'),
(28, 66, 'Debra', 'Anderson', 'curtis40@bailey.biz'),
(29, 249, 'Anthony', 'Rodriguez', 'samuelprice@gmail.com'),
(30, 237, 'Wanda', 'Bennett', 'ptodd@yahoo.com'),
(31, 146, 'Joshua', 'Clark', 'jdixon@anderson.net'),
(32, 230, 'Linda', 'Carter', 'smithjorge@smith-franklin.biz'),
(33, 386, 'Tammy', 'Perry', 'penningtonronald@gmail.com'),
(34, 225, 'Laura', 'Walker', 'taylorlisa@wells.com'),
(35, 392, 'Malik', 'Gonzalez', 'ryansmith@wheeler.info'),
(36, 337, 'Brian', 'Scott', 'trevinostephen@davis.com'),
(37, 451, 'Shannon', 'King', 'grantandrea@mcgrath.org'),
(38, 431, 'Kathy', 'Jones', 'coreythomas@coleman-gallegos.com'),
(39, 83, 'Benjamin', 'Hicks', 'joellutz@gmail.com'),
(40, 214, 'Samantha', 'Miranda', 'williamskari@gmail.com'),
(41, 214, 'Jasmine', 'Cooper', 'helenjenkins@hotmail.com'),
(42, 379, 'Nicole', 'Brown', 'sabrinasheppard@yahoo.com'),
(43, 32, 'Nicholas', 'Vargas', 'cbishop@zamora-roberts.org'),
(44, 157, 'Dennis', 'Ford', 'pottsmalik@hotmail.com'),
(45, 424, 'Denise', 'Smith', 'mitchell26@gmail.com'),
(46, 165, 'Sandra', 'Parker', 'louis51@yahoo.com'),
(47, 125, 'Tony', 'Stewart', 'christopher43@hotmail.com'),
(48, 262, 'Robert', 'Melendez', 'wreed@yahoo.com'),
(49, 205, 'Kyle', 'Brady', 'vickiecampbell@hotmail.com'),
(50, 405, 'Darren', 'Mahoney', 'bankskristin@palmer.info'),
(51, 96, 'Troy', 'Crosby', 'danieldorsey@hotmail.com'),
(52, 391, 'Megan', 'Hurst', 'johnsingh@gould.net'),
(53, 435, 'Laura', 'Jones', 'rachel40@porter-rose.biz'),
(54, 148, 'David', 'Higgins', 'marissacooley@myers.biz'),
(55, 333, 'Aaron', 'Garrett', 'matthew31@hotmail.com'),
(56, 222, 'Vanessa', 'Rice', 'stephenscathy@gmail.com'),
(57, 316, 'James', 'Woods', 'juanrussell@hotmail.com'),
(58, 427, 'Edward', 'Hall', 'megansmith@wilkinson.com'),
(59, 69, 'Taylor', 'Freeman', 'pdominguez@drake.biz'),
(60, 3, 'Nicholas', 'Stevens', 'fpatrick@fischer-howard.com'),
(61, 246, 'Crystal', 'Vaughn', 'ubrewer@perry.com'),
(62, 335, 'Karen', 'Walker', 'imccarthy@hotmail.com'),
(63, 389, 'Deanna', 'Miller', 'cperkins@young.net'),
(64, 5, 'Michelle', 'Boyd', 'andrewsantonio@serrano-porter.com'),
(65, 143, 'Isaac', 'Cook', 'michelemayo@allen.com'),
(66, 26, 'Teresa', 'Johnson', 'destinymoreno@yahoo.com'),
(67, 61, 'Steven', 'Parrish', 'ashley70@mcbride-morris.com'),
(68, 330, 'Gabriel', 'Wright', 'brandonmorgan@crawford.biz'),
(69, 203, 'Melinda', 'Lee', 'sanchezelizabeth@gmail.com'),
(70, 460, 'Emily', 'Downs', 'campbellearl@duncan.info'),
(71, 121, 'Dylan', 'Perez', 'tamara25@newton.com'),
(72, 109, 'David', 'Ross', 'raymondevans@martin.org'),
(73, 496, 'Frank', 'Wood', 'omoore@krueger.info'),
(74, 157, 'Rebekah', 'Francis', 'teresahendricks@carpenter.org'),
(75, 182, 'Joshua', 'Burke', 'adrian36@hotmail.com'),
(76, 317, 'Carolyn', 'Mills', 'vvasquez@martin.com'),
(77, 347, 'Chad', 'Owens', 'kristenbruce@salazar.com'),
(78, 442, 'Abigail', 'Merritt', 'stacy73@gmail.com'),
(79, 453, 'Joseph', 'Warner', 'christinaoconnor@hotmail.com'),
(80, 105, 'Angela', 'Bradley', 'jeffrey32@hotmail.com'),
(81, 417, 'David', 'Boyer', 'lewisalexa@garcia.biz'),
(82, 106, 'Adam', 'Gallagher', 'thomasbell@hill-estrada.com'),
(83, 172, 'Jennifer', 'Duran', 'choffman@singh-marsh.info'),
(84, 343, 'Kevin', 'Gutierrez', 'fliu@vance.info'),
(85, 75, 'Jonathan', 'Walsh', 'nguyenpatrick@rollins.com'),
(86, 117, 'Teresa', 'Smith', 'edwardslouis@patterson-roberts.biz'),
(87, 104, 'Catherine', 'Jones', 'courtneyadams@gmail.com'),
(88, 299, 'Aaron', 'Summers', 'tsmith@yahoo.com'),
(89, 128, 'Carrie', 'Cook', 'vpoole@hotmail.com'),
(90, 308, 'Carl', 'Hubbard', 'emitchell@hotmail.com'),
(91, 185, 'Tonya', 'Payne', 'michaelwillis@chavez.com'),
(92, 373, 'Donna', 'Black', 'aguilarjoshua@hotmail.com'),
(93, 325, 'Carrie', 'Flores', 'forderic@gmail.com'),
(94, 498, 'Alejandro', 'Miranda', 'connermichelle@brown.com'),
(95, 239, 'Gerald', 'Walker', 'smiththomas@hotmail.com'),
(96, 377, 'Joseph', 'Simpson', 'johnrussell@hotmail.com'),
(97, 266, 'Anthony', 'Owen', 'lisatorres@smith.net'),
(98, 124, 'Michael', 'Estes', 'zdoyle@shannon-brown.com'),
(99, 173, 'Tommy', 'Nelson', 'pettybrandon@farley.com'),
(100, 352, 'Paul', 'Love', 'jgutierrez@waller-brown.com'),
(101, 237, 'Thomas', 'Olsen', 'josevillarreal@arnold-watkins.com'),
(102, 289, 'Kim', 'Gregory', 'zkelly@hotmail.com'),
(103, 330, 'Danielle', 'Chang', 'xli@gmail.com'),
(104, 247, 'Katie', 'Sanchez', 'davisbridget@hotmail.com'),
(105, 105, 'Edward', 'Cook', 'nbrown@gmail.com'),
(106, 59, 'Juan', 'Gregory', 'xkirby@hotmail.com'),
(107, 41, 'Melanie', 'Marquez', 'reyesdaniel@moore.com'),
(108, 474, 'Michael', 'Torres', 'sharonhale@robinson.com'),
(109, 459, 'Kevin', 'Gates', 'christopherfranklin@hotmail.com'),
(110, 404, 'Christopher', 'Brooks', 'gmoore@armstrong.com'),
(111, 75, 'Roger', 'Reyes', 'dixonjason@yahoo.com'),
(112, 47, 'Gabriela', 'Phillips', 'brownalexandra@young.com'),
(113, 479, 'Michael', 'Yang', 'romeropatty@yahoo.com'),
(114, 99, 'Virginia', 'Arnold', 'nixoncarol@hotmail.com'),
(115, 447, 'Jacob', 'Maynard', 'jonathan22@gmail.com'),
(116, 119, 'Krystal', 'Callahan', 'btucker@hotmail.com'),
(117, 338, 'Edward', 'Castillo', 'nwilliams@clark.net'),
(118, 354, 'Nicholas', 'Harris', 'dbrown@hotmail.com'),
(119, 483, 'Kelly', 'Gonzalez', 'james29@franklin.info'),
(120, 223, 'Bradley', 'Lopez', 'christopher48@yahoo.com'),
(121, 108, 'Robert', 'Castillo', 'zpatel@gmail.com'),
(122, 274, 'Lynn', 'Mccall', 'sjohnson@hawkins.com'),
(123, 239, 'Melanie', 'Chavez', 'waynewilson@anderson.com'),
(124, 62, 'Jacqueline', 'Gonzalez', 'jonathanhodge@nelson-ewing.com'),
(125, 336, 'Kayla', 'Jones', 'deborahcox@hotmail.com'),
(126, 428, 'Daniel', 'Anderson', 'opayne@yahoo.com'),
(127, 367, 'Maria', 'Mann', 'ronaldyates@yahoo.com'),
(128, 308, 'Douglas', 'Lopez', 'amberluna@gonzalez.com'),
(129, 238, 'Matthew', 'Miller', 'gobrien@boone.com'),
(130, 130, 'Tracy', 'Thornton', 'cassandrapena@hotmail.com'),
(131, 270, 'Mia', 'Kirby', 'lawrencejustin@sanchez.com'),
(132, 237, 'Edward', 'Nelson', 'yprice@hotmail.com'),
(133, 263, 'Pedro', 'Allison', 'erodriguez@love.com'),
(134, 460, 'Craig', 'Diaz', 'david74@yahoo.com'),
(135, 56, 'Dawn', 'Johnson', 'yjohnson@yahoo.com'),
(136, 367, 'Heather', 'Cook', 'erin21@yahoo.com'),
(137, 498, 'Timothy', 'Rivera', 'randolphjustin@yahoo.com'),
(138, 138, 'Scott', 'Stephens', 'shelly59@hotmail.com'),
(139, 222, 'Debra', 'Wagner', 'david11@mckee.com'),
(140, 123, 'Frances', 'Thompson', 'patriciabenton@gonzales.com'),
(141, 226, 'Mark', 'Martinez', 'feverett@burton.com'),
(142, 339, 'Chris', 'Mitchell', 'christopherrobinson@gmail.com'),
(143, 387, 'William', 'Short', 'cbryant@mercado-kline.com'),
(144, 364, 'Arthur', 'Mccarthy', 'jessicadean@gmail.com'),
(145, 339, 'Melissa', 'Lucas', 'jowens@chan.com'),
(146, 68, 'Tiffany', 'Lewis', 'stephanie98@white.com'),
(147, 276, 'Stephanie', 'Price', 'terri14@gregory.org'),
(148, 470, 'Tiffany', 'Mckinney', 'kristen44@hotmail.com'),
(149, 446, 'Lauren', 'Keith', 'cswanson@gmail.com'),
(150, 335, 'Justin', 'Banks', 'hughestiffany@hotmail.com'),
(151, 193, 'Eric', 'Baker', 'barbara30@hernandez.org'),
(152, 219, 'Elizabeth', 'Spence', 'hblair@gmail.com'),
(153, 453, 'Joshua', 'Ingram', 'campbellstacie@gmail.com'),
(154, 127, 'Laura', 'Scott', 'wardanthony@yahoo.com'),
(155, 399, 'Carl', 'Gamble', 'hsaunders@michael.com'),
(156, 53, 'Charles', 'May', 'wwalker@rhodes-cox.net'),
(157, 84, 'Lauren', 'Wood', 'ugreen@gmail.com'),
(158, 6, 'Amanda', 'Combs', 'jhayes@yahoo.com'),
(159, 500, 'David', 'Gray', 'jesse80@perez.com'),
(160, 149, 'Robin', 'Ward', 'ngonzales@barnett.biz'),
(161, 64, 'Samantha', 'Hogan', 'woodsrobert@hotmail.com'),
(162, 469, 'Richard', 'Cortez', 'walter56@hotmail.com'),
(163, 191, 'Gregory', 'Wyatt', 'jeremyrocha@gmail.com'),
(164, 11, 'Nathan', 'Bradford', 'sheachristopher@shaw.org'),
(165, 335, 'Ruben', 'Stephens', 'stephanienichols@nunez-dawson.info'),
(166, 377, 'Michael', 'Barnett', 'hbrown@hotmail.com'),
(167, 309, 'Laura', 'Everett', 'joseph67@gmail.com'),
(168, 466, 'Timothy', 'Wells', 'michelle67@blackburn.com'),
(169, 192, 'Arthur', 'Wood', 'chendenise@yahoo.com'),
(170, 19, 'Suzanne', 'George', 'dylan39@yahoo.com'),
(171, 331, 'Kenneth', 'Brown', 'tinasparks@mcmillan.com'),
(172, 447, 'Morgan', 'Lowe', 'millernancy@hotmail.com'),
(173, 2, 'Chase', 'Valdez', 'mary28@hotmail.com'),
(174, 191, 'Edward', 'King', 'gsimmons@parks.info'),
(175, 205, 'Keith', 'Goodwin', 'mkim@daniel.net'),
(176, 14, 'Christopher', 'Jenkins', 'robinsonteresa@hotmail.com'),
(177, 473, 'Angela', 'Montgomery', 'alexanderchristensen@hotmail.com'),
(178, 21, 'Sharon', 'Francis', 'ugarrett@hotmail.com'),
(179, 428, 'Robert', 'Chase', 'alvaradojacob@gmail.com'),
(180, 457, 'Lauren', 'Myers', 'thomaskeller@gmail.com'),
(181, 461, 'Anthony', 'Bartlett', 'michaelsuarez@jarvis.com'),
(182, 179, 'Steven', 'Gibson', 'powellkaren@marshall.com'),
(183, 325, 'Jacqueline', 'Eaton', 'lichristina@hansen-patel.biz'),
(184, 383, 'Julie', 'Knapp', 'danielsloan@hotmail.com'),
(185, 477, 'Paula', 'Harrell', 'karanguyen@yahoo.com'),
(186, 178, 'Steven', 'Glass', 'yolandathompson@hotmail.com'),
(187, 415, 'Tyler', 'Strickland', 'whitneybennett@hotmail.com'),
(188, 46, 'Eric', 'Mcintosh', 'tom10@hotmail.com'),
(189, 110, 'Natalie', 'Anderson', 'kaitlynmoore@cruz-miller.org'),
(190, 379, 'William', 'Fowler', 'rkline@woods.org'),
(191, 481, 'John', 'Levine', 'adawson@yahoo.com'),
(192, 158, 'Nicholas', 'Allen', 'sgonzalez@torres-schwartz.com'),
(193, 118, 'Andrew', 'Hudson', 'brendafaulkner@hale-jones.net'),
(194, 88, 'Daniel', 'Lara', 'jamesdyer@hotmail.com'),
(195, 389, 'Bernard', 'Smith', 'bailey20@gray-tran.info'),
(196, 81, 'Michelle', 'Ali', 'browncourtney@rodriguez-gardner.com'),
(197, 173, 'Lisa', 'Ayala', 'vjones@gmail.com'),
(198, 258, 'Michael', 'Nelson', 'victoria04@hotmail.com'),
(199, 116, 'Nicholas', 'Alvarez', 'uleon@yahoo.com'),
(200, 52, 'Jessica', 'Kirk', 'rodney72@reeves.biz'),
(201, 274, 'David', 'Berry', 'clarkrobert@yahoo.com'),
(202, 246, 'Elizabeth', 'Chang', 'emma35@whitaker.com'),
(203, 441, 'Larry', 'Davis', 'melissagonzalez@garcia-gardner.info'),
(204, 132, 'Allison', 'Vasquez', 'dawn31@yahoo.com'),
(205, 208, 'Michael', 'Johnson', 'juan47@gmail.com'),
(206, 489, 'David', 'Ward', 'bwilliams@gmail.com'),
(207, 242, 'Barbara', 'Burns', 'jamesmoore@thomas-bowman.com'),
(208, 165, 'Ronald', 'Edwards', 'adamross@hotmail.com'),
(209, 121, 'Kristen', 'Salazar', 'stephanie96@yahoo.com'),
(210, 133, 'Valerie', 'Blanchard', 'achen@roberts-williamson.com'),
(211, 230, 'Veronica', 'Ramos', 'gomeznicholas@hotmail.com'),
(212, 333, 'Natalie', 'Vargas', 'timothyyoung@page.com'),
(213, 446, 'Danielle', 'Romero', 'pricemichael@house.com'),
(214, 84, 'Megan', 'Mckenzie', 'heather12@perry.com'),
(215, 224, 'Joanne', 'Chandler', 'allisoncarr@lewis-santiago.com'),
(216, 20, 'Ann', 'Price', 'cgreen@barton-hartman.com'),
(217, 205, 'Shari', 'Stanley', 'ywhite@parks.com'),
(218, 435, 'Robert', 'Alvarado', 'christopher35@yahoo.com'),
(219, 46, 'Manuel', 'Dixon', 'tdavis@jones.biz'),
(220, 172, 'Alicia', 'Poole', 'tony24@parks.com'),
(221, 76, 'Madeline', 'Chavez', 'gary68@gmail.com'),
(222, 370, 'Rita', 'Alexander', 'ysanford@simon.info'),
(223, 425, 'Lisa', 'Torres', 'kellydawn@hotmail.com'),
(224, 284, 'Cody', 'Morgan', 'justinjohnson@bray.com'),
(225, 484, 'Samuel', 'Campbell', 'ggordon@smith.com'),
(226, 295, 'Jo', 'Robinson', 'steven24@preston.com'),
(227, 417, 'Raymond', 'Sellers', 'marcward@holloway-mckay.com'),
(228, 425, 'Amy', 'Cameron', 'wsimmons@ramirez.com'),
(229, 260, 'Joseph', 'Taylor', 'psmith@gmail.com'),
(230, 437, 'Meghan', 'Guerra', 'robertglass@garcia-johnson.com'),
(231, 25, 'Theresa', 'Hammond', 'robertscorey@beck-cox.com'),
(232, 122, 'Rachel', 'Ross', 'judithfields@jones.biz'),
(233, 303, 'Rachel', 'Taylor', 'elizabeth40@adams.com'),
(234, 162, 'Jennifer', 'Horton', 'stephanie60@gmail.com'),
(235, 334, 'Megan', 'Simmons', 'psimmons@willis.com'),
(236, 225, 'Andrea', 'Chan', 'jaredadams@moore.org'),
(237, 358, 'Juan', 'Crawford', 'nriley@moore.com'),
(238, 354, 'Rita', 'Garcia', 'cmoore@green.com'),
(239, 155, 'Marilyn', 'Turner', 'jamescampos@yahoo.com'),
(240, 187, 'Erica', 'Clark', 'carlos35@webb-mathews.info'),
(241, 395, 'David', 'Gibson', 'tking@yu.com'),
(242, 74, 'Suzanne', 'Thomas', 'murphyanita@gonzalez-acosta.com'),
(243, 164, 'Megan', 'Ward', 'jsalas@yahoo.com'),
(244, 193, 'Kathryn', 'Terry', 'tammysmith@pacheco.net'),
(245, 71, 'Adam', 'Thomas', 'williamskeith@crawford-villanueva.com'),
(246, 108, 'Megan', 'Malone', 'rebeccahudson@yahoo.com'),
(247, 282, 'Stephanie', 'Lawrence', 'hwilson@hill.com'),
(248, 65, 'Michelle', 'Cole', 'michelle82@jones-wilson.biz'),
(249, 77, 'Patrick', 'Shannon', 'christinathompson@hunt.com'),
(250, 81, 'Christine', 'Davis', 'erinsantos@hotmail.com'),
(251, 27, 'Richard', 'Carter', 'priscilladalton@cook-lamb.com'),
(252, 212, 'Scott', 'Williams', 'kelly23@reyes.biz'),
(253, 130, 'Scott', 'Quinn', 'heatherhart@hotmail.com'),
(254, 55, 'Tina', 'Grant', 'brownchristian@oliver.info'),
(255, 55, 'Heidi', 'Richard', 'jacksonkrystal@taylor.info'),
(256, 351, 'Kyle', 'Miller', 'derek97@serrano.org'),
(257, 102, 'Drew', 'Thompson', 'cfrench@gmail.com'),
(258, 496, 'Amy', 'Miller', 'vhendricks@gmail.com'),
(259, 464, 'Douglas', 'Moore', 'parkermichael@hotmail.com'),
(260, 254, 'Denise', 'Williams', 'mdickson@yahoo.com'),
(261, 191, 'Lori', 'Brooks', 'deborah35@yahoo.com'),
(262, 346, 'Katherine', 'Freeman', 'tpeterson@mccarthy.com'),
(263, 230, 'Jeremy', 'Parsons', 'joshuanguyen@gmail.com'),
(264, 306, 'Deanna', 'Barker', 'hwhite@pierce.com'),
(265, 101, 'Nicholas', 'Rodriguez', 'fosterjesse@gill.net'),
(266, 172, 'Erik', 'Dunlap', 'justin23@marshall-hunt.com'),
(267, 474, 'Nicholas', 'Whitehead', 'simondavid@huynh.net'),
(268, 292, 'Elijah', 'Garcia', 'ameyers@hotmail.com'),
(269, 475, 'Andrea', 'Taylor', 'wleblanc@smith.com'),
(270, 479, 'Diana', 'Bernard', 'xcampbell@gmail.com'),
(271, 303, 'Melissa', 'Jenkins', 'joe24@henry.com'),
(272, 470, 'Andrea', 'Walls', 'bellmeagan@wheeler.com'),
(273, 46, 'John', 'James', 'jeffrey31@jackson-petersen.biz'),
(274, 429, 'Paul', 'Turner', 'pmoore@reyes-liu.com'),
(275, 87, 'Cheryl', 'Henderson', 'fwhite@olson.com'),
(276, 354, 'Todd', 'Hartman', 'jason47@hotmail.com'),
(277, 467, 'Jaime', 'Brooks', 'teresamay@gmail.com'),
(278, 121, 'Alison', 'Long', 'charles83@hotmail.com'),
(279, 155, 'Charles', 'Stout', 'marc48@gmail.com'),
(280, 284, 'Sherry', 'Bass', 'lambkristen@gmail.com'),
(281, 56, 'Kimberly', 'Decker', 'jordan66@gmail.com'),
(282, 200, 'Brett', 'Atkins', 'ryanstark@avila.net'),
(283, 15, 'James', 'Tran', 'alexis25@chang.com'),
(284, 290, 'David', 'Edwards', 'browndavid@gmail.com'),
(285, 415, 'Lisa', 'Martinez', 'kimberlylarson@hotmail.com'),
(286, 208, 'Anthony', 'Perez', 'robertscourtney@hotmail.com'),
(287, 406, 'Jorge', 'Webb', 'briggsdavid@jones-nelson.com'),
(288, 37, 'Melissa', 'Russell', 'lesliedowns@hotmail.com'),
(289, 125, 'Heather', 'Hodge', 'julie41@yahoo.com'),
(290, 488, 'Eric', 'Russell', 'leslie75@gmail.com'),
(291, 32, 'Joseph', 'Robinson', 'mariavazquez@yahoo.com'),
(292, 77, 'Kevin', 'Wilson', 'samuelholmes@grimes.com'),
(293, 196, 'Pamela', 'Wyatt', 'james66@gmail.com'),
(294, 402, 'Angie', 'Burch', 'gardnerrobert@peters.com'),
(295, 439, 'Daniel', 'Benitez', 'nguzman@peterson.org'),
(296, 253, 'Dana', 'Taylor', 'pittsconnor@bell-johnson.info'),
(297, 29, 'Robert', 'Mccann', 'twilson@macias.com'),
(298, 152, 'Bonnie', 'Lowe', 'kennedymegan@hotmail.com'),
(299, 47, 'Jeremy', 'Jimenez', 'davidbell@hotmail.com'),
(300, 68, 'Joseph', 'Jones', 'heather89@ward-wilson.org'),
(301, 365, 'Brett', 'Lane', 'austinphillips@thornton.com'),
(302, 399, 'Megan', 'Simmons', 'kendralucas@yahoo.com'),
(303, 25, 'Anna', 'Guerrero', 'churchkimberly@parks-diaz.com'),
(304, 59, 'Curtis', 'Roberts', 'fitzpatrickthomas@yahoo.com'),
(305, 50, 'Kaitlin', 'Robinson', 'webertimothy@gmail.com'),
(306, 44, 'Brittany', 'Taylor', 'thomasariana@yahoo.com'),
(307, 391, 'Mary', 'Horton', 'sdurham@zhang.com'),
(308, 379, 'Jason', 'Medina', 'kvillarreal@paul-morgan.com'),
(309, 491, 'Donna', 'Hawkins', 'johncobb@brown-carlson.net'),
(310, 66, 'Kelly', 'Perez', 'michelle27@gmail.com'),
(311, 398, 'Karen', 'Li', 'erin29@beck.com'),
(312, 120, 'Jonathon', 'Pineda', 'whampton@hotmail.com'),
(313, 240, 'David', 'Garcia', 'tholmes@gmail.com'),
(314, 451, 'Thomas', 'Nguyen', 'youngjasmine@yahoo.com'),
(315, 337, 'Theresa', 'Morton', 'richard92@gmail.com'),
(316, 349, 'Karen', 'Thomas', 'michaeldixon@yahoo.com'),
(317, 176, 'Jacqueline', 'Dodson', 'barnettlisa@gonzalez.com'),
(318, 264, 'Cameron', 'Mullins', 'zachary02@bryant.net'),
(319, 231, 'Taylor', 'Hardy', 'taylor34@gmail.com'),
(320, 458, 'Christian', 'Brown', 'deckerlindsey@gmail.com'),
(321, 71, 'James', 'Thomas', 'morganteresa@gmail.com'),
(322, 382, 'Eric', 'Campbell', 'sara75@gmail.com'),
(323, 89, 'Jeremy', 'Malone', 'alynch@woods.com'),
(324, 371, 'Anna', 'Ward', 'gabrielnelson@smith.com'),
(325, 22, 'Michael', 'Moore', 'michael02@hotmail.com'),
(326, 417, 'Kim', 'Stanley', 'mkidd@cook-peters.biz'),
(327, 130, 'Robert', 'Arnold', 'villegasrichard@jennings.info'),
(328, 152, 'Rebecca', 'Hoover', 'kkaufman@yahoo.com'),
(329, 35, 'Sherri', 'Villanueva', 'jonessuzanne@wright-mitchell.net'),
(330, 192, 'Karen', 'Garcia', 'steventhompson@spencer.com'),
(331, 153, 'Jean', 'Coleman', 'vgordon@salazar-moss.com'),
(332, 334, 'Linda', 'Gordon', 'schaeferaaron@dickerson.com'),
(333, 209, 'Scott', 'French', 'joneswilliam@gmail.com'),
(334, 480, 'Edward', 'Villanueva', 'michelleanderson@gmail.com'),
(335, 261, 'Stephanie', 'Wood', 'thompsonlisa@hotmail.com'),
(336, 421, 'Frank', 'Miller', 'adampugh@gmail.com'),
(337, 136, 'Patricia', 'Lowe', 'greenekatherine@ali.info'),
(338, 6, 'Sarah', 'White', 'melissali@yahoo.com'),
(339, 28, 'Sarah', 'Shaw', 'amanda45@davis.com'),
(340, 44, 'Jennifer', 'Olsen', 'cwilliams@yahoo.com'),
(341, 368, 'Raymond', 'Short', 'ruizsharon@cook.com'),
(342, 137, 'Haley', 'White', 'earlsmith@nichols.com'),
(343, 86, 'Misty', 'Jones', 'hollandsusan@yahoo.com'),
(344, 137, 'Michael', 'Rogers', 'maxwellheidi@gmail.com'),
(345, 98, 'Jessica', 'Cooper', 'dprince@gmail.com'),
(346, 437, 'Jacob', 'Wallace', 'emily04@hotmail.com'),
(347, 281, 'Jennifer', 'Davis', 'cuevasjacqueline@yahoo.com'),
(348, 33, 'James', 'Valentine', 'ysmith@hotmail.com'),
(349, 398, 'Emily', 'Thompson', 'jenny48@wise.biz'),
(350, 490, 'Joseph', 'Roberts', 'paynealexis@gmail.com'),
(351, 495, 'Joseph', 'Williams', 'barbaraconway@yahoo.com'),
(352, 227, 'Kristina', 'Knight', 'rstewart@drake.com'),
(353, 54, 'Jennifer', 'Reyes', 'uwatson@buck.com'),
(354, 416, 'Jacqueline', 'Quinn', 'peter73@hotmail.com'),
(355, 132, 'Elizabeth', 'Cardenas', 'burkecandace@yahoo.com'),
(356, 362, 'Lance', 'Nguyen', 'copelandamanda@ballard.net'),
(357, 107, 'Matthew', 'Ray', 'stephen11@washington.com'),
(358, 415, 'Heather', 'Coleman', 'kenneth71@pena.info'),
(359, 78, 'Christina', 'Lewis', 'nolson@yahoo.com'),
(360, 298, 'Robin', 'Ramirez', 'jensenlori@hotmail.com'),
(361, 378, 'Sandra', 'Jackson', 'omorgan@yahoo.com'),
(362, 310, 'Matthew', 'Palmer', 'edwardsabigail@wilson-wallace.biz'),
(363, 410, 'David', 'Mendoza', 'anthony66@yahoo.com'),
(364, 94, 'Michael', 'Gray', 'thomaskara@schmidt.com'),
(365, 88, 'Randy', 'Allen', 'jacobsmith@savage.com'),
(366, 392, 'Miranda', 'Walter', 'wmartin@christensen-patton.biz'),
(367, 236, 'Brian', 'Reed', 'robertharris@anderson-wilson.com'),
(368, 346, 'Julie', 'Ponce', 'christopherjones@yahoo.com'),
(369, 364, 'Lawrence', 'Garcia', 'mccormickalexandra@carter-wells.info'),
(370, 484, 'Roberto', 'Hamilton', 'cstafford@jennings-frederick.com'),
(371, 27, 'Kelly', 'Barrett', 'rivascrystal@hamilton.net'),
(372, 146, 'James', 'Perkins', 'rasmussencharles@robles.org'),
(373, 106, 'Tonya', 'Glass', 'teresa89@peterson.com'),
(374, 140, 'Mary', 'Cisneros', 'jameshill@yahoo.com'),
(375, 373, 'Desiree', 'Pitts', 'ivanfoley@cain.com'),
(376, 81, 'Jennifer', 'Dougherty', 'daniel30@conrad.info'),
(377, 335, 'Hannah', 'Walsh', 'smithmarcus@smith-smith.com'),
(378, 426, 'Herbert', 'Schultz', 'mccartygene@gmail.com'),
(379, 476, 'Christine', 'Anderson', 'hoffmankimberly@hotmail.com'),
(380, 159, 'Lauren', 'Hughes', 'robertwhite@yahoo.com'),
(381, 322, 'Mark', 'Tate', 'marshallscott@gmail.com'),
(382, 312, 'Tina', 'Cline', 'kristi66@gmail.com'),
(383, 56, 'Matthew', 'Richards', 'stephanie86@lawrence.org'),
(384, 19, 'Cathy', 'Nolan', 'russell32@hotmail.com'),
(385, 359, 'Danielle', 'Morris', 'jeffrey28@gmail.com'),
(386, 27, 'Robin', 'Juarez', 'grantjoshua@castro.org'),
(387, 137, 'Spencer', 'Peterson', 'qrichmond@yahoo.com'),
(388, 410, 'Stephanie', 'Christensen', 'qgrant@gmail.com'),
(389, 243, 'Jessica', 'Chavez', 'anahall@hotmail.com'),
(390, 177, 'Jacob', 'Martin', 'mmorris@hotmail.com'),
(391, 74, 'Katherine', 'Williams', 'josmith@greer.com'),
(392, 133, 'Ryan', 'Coleman', 'adam51@yahoo.com'),
(393, 482, 'Steven', 'Reed', 'kristen97@roberson.com'),
(394, 322, 'Frank', 'Costa', 'woodsedward@yahoo.com'),
(395, 12, 'Amy', 'Walker', 'alfredsteele@weaver.com'),
(396, 270, 'Jessica', 'Wright', 'timothycisneros@hotmail.com'),
(397, 233, 'Nathan', 'Miller', 'dcameron@craig-gilbert.com'),
(398, 289, 'Eric', 'Leach', 'amandalyons@gmail.com'),
(399, 16, 'Richard', 'Sanders', 'fgillespie@gmail.com'),
(400, 88, 'Melissa', 'Allen', 'wmoreno@gmail.com'),
(401, 247, 'April', 'Salas', 'thomasjonathan@williams.com'),
(402, 8, 'Tamara', 'Wilson', 'miguel73@gmail.com'),
(403, 490, 'Austin', 'Parsons', 'ggamble@gmail.com'),
(404, 356, 'Brandy', 'Levine', 'christopher86@gmail.com'),
(405, 225, 'David', 'Cole', 'scott51@alvarez.org'),
(406, 262, 'Maurice', 'Rose', 'dustin12@gmail.com'),
(407, 363, 'Tiffany', 'Johnson', 'david91@hotmail.com'),
(408, 325, 'John', 'Smith', 'jasonfischer@taylor.com'),
(409, 89, 'Steven', 'Graham', 'jacobrhodes@greene.info'),
(410, 238, 'Stephanie', 'Moyer', 'xstanley@gmail.com'),
(411, 306, 'Karen', 'Brown', 'phumphrey@hotmail.com'),
(412, 424, 'Kristen', 'Martin', 'garybishop@hotmail.com'),
(413, 269, 'Rachel', 'Harmon', 'sanchezjustin@gmail.com'),
(414, 419, 'Stephanie', 'Griffin', 'cynthia99@yahoo.com'),
(415, 448, 'Keith', 'Pollard', 'gdavis@anderson.com'),
(416, 500, 'Sandra', 'Griffin', 'melissaweber@nelson-cooper.com'),
(417, 471, 'Janet', 'Jordan', 'anitawu@jones.com'),
(418, 208, 'Patricia', 'Gonzalez', 'toddmartinez@stein-hall.com'),
(419, 461, 'Raven', 'Brown', 'jweber@yahoo.com'),
(420, 93, 'Krista', 'Chen', 'john35@yahoo.com'),
(421, 273, 'Robert', 'Ramos', 'chelseysolomon@werner.com'),
(422, 234, 'James', 'Phillips', 'tmurray@cook-perez.net'),
(423, 130, 'Mary', 'Jones', 'michelle75@mcconnell-stout.org'),
(424, 4, 'Marissa', 'Johnson', 'gregoryramirez@brown.com'),
(425, 76, 'Christopher', 'Gates', 'jguerrero@yahoo.com'),
(426, 159, 'Carol', 'Henderson', 'frankvaughn@jimenez.com'),
(427, 471, 'Roger', 'Rodriguez', 'jennifergould@marsh.com'),
(428, 423, 'Jeffrey', 'Johnson', 'mendozawilliam@gmail.com'),
(429, 6, 'Cheryl', 'Rodriguez', 'justin75@cannon.com'),
(430, 2, 'Daniel', 'Johns', 'sydneymercado@johnson.net'),
(431, 94, 'Vicki', 'Larson', 'nbarnett@cruz-reese.biz'),
(432, 457, 'Patrick', 'Carlson', 'thomaskelley@scott-kennedy.com'),
(433, 29, 'Shannon', 'Simmons', 'stacy38@gmail.com'),
(434, 193, 'Stephanie', 'Anderson', 'erikalee@stewart-owens.com'),
(435, 321, 'Adam', 'Bennett', 'trevorkrause@hotmail.com'),
(436, 386, 'Kaitlyn', 'Buckley', 'jenniferwilson@rogers.com'),
(437, 229, 'Thomas', 'Benson', 'michaelthomas@knight.com'),
(438, 483, 'Michael', 'Santos', 'johnbryant@salazar.org'),
(439, 315, 'Laura', 'Brown', 'frankmeyer@nguyen-velez.org'),
(440, 180, 'Jeremy', 'Davis', 'psmith@miller.biz'),
(441, 132, 'Katrina', 'Henderson', 'douglaspaul@hotmail.com'),
(442, 252, 'Joshua', 'Hunt', 'oosborne@gmail.com'),
(443, 118, 'Joann', 'Robertson', 'chandlermatthew@morgan.com'),
(444, 339, 'Perry', 'Willis', 'helen33@adams.com'),
(445, 15, 'Donna', 'Reeves', 'lauren09@yahoo.com'),
(446, 37, 'John', 'Haley', 'silvapatrick@hotmail.com'),
(447, 420, 'Nicole', 'Cole', 'ncampbell@schmidt.com'),
(448, 452, 'Brenda', 'Ray', 'epowell@yahoo.com'),
(449, 420, 'Michael', 'Johnson', 'brentnguyen@yahoo.com'),
(450, 303, 'Derrick', 'Waters', 'tanya17@contreras.com'),
(451, 133, 'Raymond', 'Andrews', 'kelly39@escobar.info'),
(452, 173, 'Monica', 'Fry', 'nicholas14@hotmail.com'),
(453, 22, 'Cynthia', 'Davies', 'iwhite@hotmail.com'),
(454, 134, 'Meghan', 'Moore', 'teresamoreno@yahoo.com'),
(455, 480, 'John', 'Burke', 'wlee@simpson.org'),
(456, 96, 'Monica', 'Moon', 'stewartpatrick@buck.com'),
(457, 167, 'David', 'Burns', 'danielcoleman@gmail.com'),
(458, 378, 'Shirley', 'Atkinson', 'alexandra60@hotmail.com'),
(459, 256, 'Teresa', 'Sloan', 'nicole33@humphrey-bush.com'),
(460, 106, 'Dustin', 'Young', 'james19@gmail.com'),
(461, 303, 'Barbara', 'Krueger', 'osborneandrew@hotmail.com'),
(462, 46, 'Melissa', 'Barr', 'wesley69@king.biz'),
(463, 317, 'Abigail', 'Crawford', 'suttondavid@gmail.com'),
(464, 206, 'Nicholas', 'Morales', 'laurenreed@hotmail.com'),
(465, 134, 'Paul', 'Wilcox', 'ericamendez@gmail.com'),
(466, 236, 'Erica', 'Quinn', 'david61@gmail.com'),
(467, 316, 'Stacy', 'Sosa', 'vclarke@hotmail.com'),
(468, 12, 'James', 'Sampson', 'pellis@yahoo.com'),
(469, 148, 'Bryan', 'Coleman', 'wbarnett@flowers.com'),
(470, 422, 'Angela', 'Lawson', 'gonzalezdenise@hunt.net'),
(471, 52, 'Paul', 'Cardenas', 'mbarron@hogan.com'),
(472, 157, 'Pamela', 'Rodriguez', 'thompsonsandra@yahoo.com'),
(473, 243, 'Paige', 'Huffman', 'johnsonamanda@young-morris.info'),
(474, 498, 'Jacob', 'Edwards', 'xwong@braun-perry.net'),
(475, 129, 'Lindsay', 'Rivera', 'egreen@yahoo.com'),
(476, 59, 'Robert', 'Ford', 'jason81@hotmail.com'),
(477, 102, 'Troy', 'Turner', 'zfowler@hotmail.com'),
(478, 84, 'Allen', 'Petersen', 'courtneylopez@campbell-morgan.com'),
(479, 266, 'Michael', 'Henderson', 'lozanoronald@robinson.com'),
(480, 446, 'Kristen', 'Diaz', 'millerpaul@palmer.com'),
(481, 56, 'Kimberly', 'Davis', 'ucarroll@pierce.com'),
(482, 188, 'James', 'Cohen', 'elliottjeremy@johnston.com'),
(483, 147, 'Michelle', 'Wu', 'josephzachary@ward.com'),
(484, 198, 'Jessica', 'Taylor', 'ray88@pacheco.net'),
(485, 409, 'Brian', 'Douglas', 'melissa16@mooney.com'),
(486, 318, 'Michael', 'Rollins', 'evansjoyce@mendoza.com'),
(487, 288, 'Valerie', 'Sims', 'casecarrie@hotmail.com'),
(488, 499, 'Kyle', 'Gonzalez', 'cbrooks@hughes.com'),
(489, 470, 'Laura', 'Bennett', 'murphymolly@yahoo.com'),
(490, 413, 'Eric', 'Wallace', 'ronald96@gmail.com'),
(491, 190, 'Jonathan', 'Fisher', 'collinstyler@gmail.com'),
(492, 199, 'Denise', 'Hanson', 'plittle@hotmail.com'),
(493, 468, 'Paul', 'Nunez', 'tammybrooks@powell.com'),
(494, 342, 'Sandy', 'Blackwell', 'deborahroth@lawson-flores.com'),
(495, 86, 'Lisa', 'Nelson', 'jessica35@gmail.com'),
(496, 425, 'Jessica', 'Wilkins', 'lori05@gmail.com'),
(497, 357, 'Nicole', 'Keller', 'gregory12@yahoo.com'),
(498, 163, 'Robert', 'Schmitt', 'diane62@schmitt-davis.net'),
(499, 226, 'Christopher', 'Porter', 'cchambers@harvey.com'),
(500, 32, 'Judith', 'Davidson', 'torresgary@gmail.com'),
(501, 133, 'Elizabeth', 'Flores', 'pittsbenjamin@king-cole.com'),
(502, 86, 'Christine', 'Smith', 'zacharythompson@hotmail.com'),
(503, 205, 'Kathryn', 'Holland', 'justin03@benson.com'),
(504, 103, 'Lisa', 'Martinez', 'chambersernest@nielsen.com'),
(505, 276, 'Stacy', 'Gilmore', 'stephen94@duarte-brooks.com'),
(506, 237, 'Laurie', 'Wilson', 'jeffreylewis@rush.org'),
(507, 215, 'Debra', 'Norris', 'jonathansanchez@anthony.net'),
(508, 153, 'Becky', 'Burgess', 'john47@roman.info'),
(509, 51, 'Tammy', 'Turner', 'sean05@lee-mcguire.com'),
(510, 292, 'Nathan', 'Thomas', 'cynthiaperry@sanchez-castillo.org'),
(511, 61, 'Seth', 'Mayo', 'joshuarosario@gmail.com'),
(512, 85, 'Sandra', 'Smith', 'iwashington@cook.com'),
(513, 191, 'Yvonne', 'Parker', 'nicolasbush@anderson-boyle.com'),
(514, 294, 'Nichole', 'Farmer', 'danielrichard@hernandez.com'),
(515, 113, 'Eric', 'Anderson', 'davidmoore@yahoo.com'),
(516, 410, 'Jocelyn', 'Morgan', 'david91@reed.org'),
(517, 348, 'Christopher', 'Ross', 'evan97@novak.com'),
(518, 361, 'Patrick', 'Mckee', 'olivermonica@reese.com'),
(519, 389, 'Andrea', 'Tyler', 'qpotter@rich.org'),
(520, 272, 'Jennifer', 'Barnes', 'bakerlauren@williams.net'),
(521, 215, 'Russell', 'Taylor', 'lisa25@hotmail.com'),
(522, 328, 'Rebecca', 'Brown', 'athomas@yahoo.com'),
(523, 49, 'Hayley', 'Smith', 'kimberly59@leonard.com'),
(524, 444, 'John', 'Villanueva', 'lukemckinney@hotmail.com'),
(525, 388, 'Paul', 'Thomas', 'georgetheresa@hotmail.com'),
(526, 374, 'Taylor', 'Barrett', 'david93@hotmail.com'),
(527, 144, 'William', 'Mccoy', 'ihodges@hall-ball.org'),
(528, 125, 'Jacob', 'Meyer', 'rachel10@mason-johnson.com'),
(529, 114, 'Richard', 'Berry', 'emily20@marquez.org'),
(530, 30, 'Donna', 'Harrison', 'chelsea96@hale.com'),
(531, 83, 'Kevin', 'Gonzalez', 'sabrina25@williams.biz'),
(532, 47, 'Brandy', 'Parrish', 'glewis@hotmail.com'),
(533, 380, 'Aaron', 'Allen', 'sandrasimon@martin.com'),
(534, 86, 'Jeffrey', 'Williams', 'jwilson@ford.com'),
(535, 27, 'Stephen', 'Pruitt', 'mary49@martin.com'),
(536, 269, 'Jason', 'Thompson', 'joannecalhoun@juarez.com'),
(537, 2, 'Wesley', 'Sullivan', 'bwilcox@gmail.com'),
(538, 416, 'Kaitlyn', 'Duncan', 'joshua85@yahoo.com'),
(539, 58, 'Andrew', 'Schneider', 'william54@torres.com'),
(540, 59, 'Douglas', 'Roy', 'cmann@hotmail.com'),
(541, 372, 'Barbara', 'Gomez', 'pcantu@yahoo.com'),
(542, 64, 'Ronald', 'Smith', 'richard50@gmail.com'),
(543, 422, 'Bailey', 'Garcia', 'adam59@yahoo.com'),
(544, 380, 'Abigail', 'Jenkins', 'david52@rosales.info'),
(545, 32, 'Jamie', 'Ramirez', 'dianamays@fisher.com'),
(546, 4, 'Alex', 'Johnson', 'sanchezmegan@gmail.com'),
(547, 175, 'Tricia', 'York', 'justin87@hotmail.com'),
(548, 145, 'Nicholas', 'Miller', 'gcooke@gmail.com'),
(549, 328, 'Marcus', 'Hughes', 'jeffrey03@yahoo.com'),
(550, 68, 'Michael', 'Burns', 'davidsmith@rodriguez.info'),
(551, 156, 'Jessica', 'Ellis', 'iryan@gmail.com'),
(552, 125, 'Frances', 'Walsh', 'daysarah@gmail.com'),
(553, 411, 'Ronald', 'Johnson', 'marcuswright@simmons.biz'),
(554, 161, 'Daniel', 'Novak', 'ann61@yahoo.com'),
(555, 253, 'Jason', 'Nelson', 'ohatfield@gmail.com'),
(556, 184, 'Paul', 'Miller', 'simonsharon@hotmail.com'),
(557, 10, 'Megan', 'Roberts', 'briangross@hotmail.com'),
(558, 99, 'Allison', 'Riggs', 'youngkevin@yahoo.com'),
(559, 125, 'Emily', 'Valencia', 'carla41@hotmail.com'),
(560, 257, 'Heather', 'Ford', 'mmejia@black.info'),
(561, 105, 'Michelle', 'Taylor', 'wagnerrenee@perez-clark.biz'),
(562, 402, 'David', 'Russell', 'ygarcia@mckay.com'),
(563, 468, 'Renee', 'Miles', 'normannicole@hotmail.com'),
(564, 272, 'Mark', 'Montgomery', 'brandy89@gmail.com'),
(565, 276, 'Scott', 'Allen', 'charles29@roberts.biz'),
(566, 338, 'David', 'Carter', 'probinson@yahoo.com'),
(567, 434, 'Tracy', 'Jefferson', 'marybowers@crawford.info'),
(568, 236, 'Kristie', 'Moss', 'xkhan@gomez-watson.com'),
(569, 437, 'Amber', 'Smith', 'jessica10@hotmail.com'),
(570, 472, 'Connie', 'Miller', 'lwood@fernandez-knight.org'),
(571, 52, 'Charles', 'Thomas', 'nelsonmatthew@herman-wilson.info'),
(572, 31, 'Barbara', 'Carr', 'mendezrobert@yahoo.com'),
(573, 337, 'Michael', 'Nixon', 'jaredvega@guzman-weaver.com'),
(574, 359, 'Kevin', 'Soto', 'fergusonlaura@jones.com'),
(575, 369, 'Glen', 'Walker', 'jennifer60@gmail.com'),
(576, 97, 'Jonathan', 'Garcia', 'ortizjennifer@phillips-hampton.info'),
(577, 59, 'Holly', 'Bonilla', 'ryanmichael@miller.com'),
(578, 278, 'Scott', 'Freeman', 'coxregina@perez-lee.com'),
(579, 405, 'Brenda', 'Crawford', 'jdowns@sutton.com'),
(580, 67, 'Andrew', 'Banks', 'mjones@hart.net'),
(581, 97, 'William', 'Snow', 'taylorgarcia@hotmail.com'),
(582, 344, 'Mark', 'Powell', 'jenniferhuber@gmail.com'),
(583, 65, 'Michele', 'Hunt', 'williamsamanda@price.com'),
(584, 202, 'William', 'Wilson', 'alicia75@rocha.info'),
(585, 354, 'Caitlin', 'Martin', 'torresholly@gmail.com'),
(586, 290, 'Rebecca', 'Larson', 'tanyaflowers@hotmail.com'),
(587, 90, 'Elizabeth', 'Evans', 'kknapp@gmail.com'),
(588, 253, 'Natalie', 'Love', 'christopher16@dunlap.info'),
(589, 327, 'Kristine', 'Brown', 'kellywolf@yahoo.com'),
(590, 494, 'Lisa', 'Cross', 'donaldburton@scott-lynn.com'),
(591, 398, 'Michael', 'Hamilton', 'james31@price-smith.com'),
(592, 323, 'Dennis', 'Mckinney', 'reginaldbrown@gmail.com'),
(593, 409, 'Joseph', 'Kelley', 'vanessamiller@yahoo.com'),
(594, 1, 'Charles', 'Kirby', 'davisrenee@yahoo.com'),
(595, 158, 'Lauren', 'Wilkerson', 'riveramichael@hotmail.com'),
(596, 371, 'Dana', 'Lowery', 'barbarayoung@yahoo.com'),
(597, 63, 'Victor', 'Barr', 'warddavid@campos-figueroa.org'),
(598, 479, 'Carla', 'Berry', 'sherylmoyer@hotmail.com'),
(599, 70, 'Victor', 'Simon', 'valerie12@williams.org'),
(600, 88, 'Lisa', 'Scott', 'kiddashley@anderson.com'),
(601, 396, 'Charles', 'Alexander', 'fsmith@williams.com'),
(602, 53, 'Ashley', 'Beck', 'karen92@hotmail.com'),
(603, 478, 'Jacqueline', 'White', 'wspencer@lawrence-price.biz'),
(604, 346, 'Paige', 'Kelley', 'kleinbeth@yahoo.com'),
(605, 64, 'Kiara', 'Pacheco', 'lopezmichael@moses.com'),
(606, 403, 'Cynthia', 'Alvarez', 'trevinosusan@garrett.com'),
(607, 51, 'Rachel', 'Newton', 'smithjessica@yahoo.com'),
(608, 425, 'Emily', 'Curtis', 'sarahsalas@gmail.com'),
(609, 110, 'Ian', 'Smith', 'amandachavez@yahoo.com'),
(610, 402, 'Peter', 'Martinez', 'bbarber@hotmail.com'),
(611, 115, 'Sheila', 'Kim', 'yschroeder@yahoo.com'),
(612, 340, 'Jeremy', 'Bailey', 'dylan21@hotmail.com'),
(613, 445, 'Nicole', 'Davis', 'emilysmith@lane.info'),
(614, 114, 'Holly', 'Flowers', 'cfowler@yahoo.com'),
(615, 458, 'Kevin', 'Hunt', 'louis11@yahoo.com'),
(616, 294, 'Eric', 'Bailey', 'epayne@patton.com'),
(617, 284, 'Alexander', 'Mckenzie', 'lampatrick@hotmail.com'),
(618, 201, 'William', 'Parrish', 'nicholasjones@yahoo.com'),
(619, 58, 'Joseph', 'Christensen', 'tamaranichols@lopez.com'),
(620, 377, 'Christina', 'Snow', 'melissaruiz@callahan.com'),
(621, 361, 'Carla', 'Olson', 'michellemorris@berg.com'),
(622, 201, 'Cheyenne', 'Rogers', 'ohill@hotmail.com'),
(623, 51, 'Jason', 'Campbell', 'amy76@gmail.com'),
(624, 175, 'Sydney', 'Black', 'mrosario@gmail.com'),
(625, 266, 'Victor', 'James', 'sandersryan@walker.com'),
(626, 336, 'Randy', 'Humphrey', 'elizabethlewis@johnson.com'),
(627, 400, 'Melissa', 'Payne', 'kimberlyhunt@yahoo.com'),
(628, 252, 'Jessica', 'Garcia', 'juanmaxwell@yahoo.com'),
(629, 1, 'Miguel', 'Patterson', 'erichmond@green.org'),
(630, 40, 'Sean', 'Conley', 'zobrien@harris-blackwell.com'),
(631, 67, 'Kevin', 'Carrillo', 'nlee@hotmail.com'),
(632, 493, 'David', 'Soto', 'aaron85@hotmail.com'),
(633, 459, 'Natasha', 'King', 'aaron06@myers-ramos.info'),
(634, 5, 'Jennifer', 'Briggs', 'efleming@hotmail.com'),
(635, 340, 'Paula', 'King', 'richardlewis@hudson-soto.com'),
(636, 42, 'Diana', 'Carey', 'masseyjoanne@petersen.net'),
(637, 216, 'David', 'Burton', 'annarandolph@taylor.org'),
(638, 403, 'Leslie', 'Jones', 'katelyn06@clark.biz'),
(639, 430, 'Megan', 'Johnson', 'hubermary@gmail.com'),
(640, 19, 'Amanda', 'Anderson', 'coopermichelle@potts.com'),
(641, 422, 'Adam', 'Austin', 'zmurphy@yahoo.com'),
(642, 67, 'Sarah', 'Sandoval', 'ccarpenter@ramirez.com'),
(643, 31, 'Shawn', 'Brown', 'katiehouston@yahoo.com'),
(644, 277, 'Cathy', 'Walker', 'christopher57@carr-melton.com'),
(645, 20, 'Vincent', 'Gray', 'otaylor@frazier.com'),
(646, 467, 'Jeffrey', 'Chapman', 'gbrooks@oliver.org'),
(647, 123, 'Robert', 'Johnson', 'adam46@richardson.com'),
(648, 451, 'Charles', 'Arnold', 'micheal73@lopez-michael.com'),
(649, 368, 'Jonathan', 'Smith', 'thompsontimothy@gmail.com'),
(650, 73, 'Craig', 'Rodriguez', 'ryan28@webb.com'),
(651, 342, 'Christina', 'Mason', 'yvargas@gmail.com'),
(652, 210, 'James', 'Gross', 'mejiaaustin@gmail.com'),
(653, 380, 'Jamie', 'Schultz', 'alisonwebster@gmail.com'),
(654, 71, 'Julie', 'Todd', 'nbaird@yahoo.com'),
(655, 210, 'Traci', 'Kelly', 'ksantana@anthony.com'),
(656, 25, 'Darrell', 'Jones', 'qmartinez@gmail.com'),
(657, 8, 'Ellen', 'Love', 'laura16@hernandez-estrada.biz'),
(658, 86, 'Benjamin', 'Poole', 'alane@yahoo.com'),
(659, 375, 'Sherry', 'Garcia', 'david77@bennett.biz'),
(660, 206, 'Craig', 'Williams', 'jacksonsteven@yahoo.com'),
(661, 199, 'Catherine', 'Mahoney', 'jamesklein@gmail.com'),
(662, 206, 'Benjamin', 'Parker', 'zknight@gmail.com'),
(663, 382, 'Danny', 'Mathews', 'sarah87@gmail.com'),
(664, 227, 'Cameron', 'Lopez', 'owalker@jordan.com'),
(665, 212, 'Joshua', 'Garcia', 'zrodriguez@decker.com'),
(666, 269, 'Ashley', 'Hayes', 'juan14@hotmail.com'),
(667, 445, 'Michael', 'Sherman', 'lisaharper@mathis.org'),
(668, 424, 'Julian', 'Davis', 'susan36@hotmail.com'),
(669, 124, 'Breanna', 'Stone', 'stacyclements@yahoo.com'),
(670, 3, 'Philip', 'Phillips', 'josehayes@collier-cruz.com'),
(671, 191, 'Jason', 'Nichols', 'rodgerscarlos@hotmail.com'),
(672, 462, 'Alison', 'Rojas', 'simskathleen@gmail.com'),
(673, 107, 'Larry', 'Hernandez', 'jeffrey23@shelton.biz'),
(674, 268, 'Sean', 'Patel', 'eharris@gmail.com'),
(675, 497, 'Kevin', 'Green', 'mcastro@hotmail.com'),
(676, 247, 'Lisa', 'Edwards', 'joshuawaller@yahoo.com'),
(677, 388, 'Anne', 'Sherman', 'ywhitehead@taylor.info'),
(678, 462, 'Ashley', 'Bennett', 'deanford@hotmail.com'),
(679, 338, 'Sarah', 'Roberts', 'kelseygill@larsen.com'),
(680, 363, 'Linda', 'Pierce', 'vespinoza@gmail.com'),
(681, 169, 'Laura', 'Marshall', 'stephensbrian@anderson-smith.com'),
(682, 195, 'Michael', 'Hamilton', 'martinjordan@hotmail.com'),
(683, 192, 'Matthew', 'Farmer', 'jessica79@hotmail.com'),
(684, 122, 'Lee', 'Young', 'ggarcia@hotmail.com'),
(685, 258, 'Scott', 'Scott', 'pgilmore@perez.info'),
(686, 34, 'Thomas', 'Gonzalez', 'erin27@shea-kemp.com'),
(687, 310, 'Haley', 'Maxwell', 'lallen@gmail.com'),
(688, 12, 'Ashlee', 'Brown', 'terri19@hotmail.com'),
(689, 45, 'Audrey', 'Brown', 'jamescurry@wiggins.com'),
(690, 94, 'Heather', 'Brown', 'ericsmith@jordan.biz'),
(691, 30, 'Debra', 'Evans', 'christinaking@hotmail.com'),
(692, 45, 'Justin', 'Torres', 'schultzjuan@hotmail.com'),
(693, 290, 'Allison', 'Murphy', 'martinezashley@mckenzie.com'),
(694, 64, 'Jeffrey', 'Lawrence', 'heather86@cantu-frost.com'),
(695, 202, 'Laura', 'Miller', 'lindamcmahon@gmail.com'),
(696, 220, 'Pamela', 'Lawrence', 'agray@welch-dixon.com'),
(697, 242, 'Steven', 'Gonzales', 'angel39@walsh-garcia.com'),
(698, 204, 'Sarah', 'Nguyen', 'kevinsmith@taylor.biz'),
(699, 168, 'Walter', 'Rogers', 'alan03@hampton.net'),
(700, 133, 'Sylvia', 'Diaz', 'andreajohnson@gmail.com'),
(701, 205, 'Troy', 'Miller', 'justin30@yahoo.com'),
(702, 482, 'Joseph', 'Cooke', 'ryan23@garner-hardy.com'),
(703, 343, 'Scott', 'Espinoza', 'whitneychavez@willis-spencer.biz'),
(704, 156, 'Patricia', 'Walker', 'julie22@hotmail.com'),
(705, 401, 'Diamond', 'Mack', 'charles37@martinez-cunningham.com'),
(706, 453, 'Nicholas', 'Flynn', 'isimpson@hughes.net'),
(707, 29, 'Jennifer', 'Sexton', 'hornegabriela@perez.org'),
(708, 89, 'Mason', 'Taylor', 'lorijohnston@yahoo.com'),
(709, 482, 'Christina', 'Gilbert', 'pforbes@hotmail.com'),
(710, 387, 'Scott', 'Cooper', 'tjennings@gmail.com'),
(711, 456, 'Kimberly', 'Collins', 'amanda06@garcia-owens.com'),
(712, 483, 'Aaron', 'Solomon', 'jimenezangela@erickson.com'),
(713, 77, 'Stephanie', 'Clark', 'hking@hotmail.com'),
(714, 218, 'Christina', 'Smith', 'marissarodriguez@roberts-drake.com'),
(715, 438, 'Ryan', 'Roman', 'clarkkaren@gmail.com'),
(716, 112, 'Todd', 'Parker', 'shannonhanson@mahoney.biz'),
(717, 242, 'Amanda', 'Cole', 'angelgriffin@yahoo.com'),
(718, 54, 'Susan', 'Alexander', 'nsosa@hotmail.com'),
(719, 374, 'Christopher', 'Branch', 'oschultz@hotmail.com'),
(720, 10, 'Jennifer', 'Barry', 'shawngonzalez@yahoo.com'),
(721, 426, 'Ellen', 'Pena', 'griffinmatthew@hotmail.com'),
(722, 263, 'Patricia', 'Cooke', 'austin70@yahoo.com'),
(723, 368, 'Steven', 'Johnson', 'ocline@bean.info'),
(724, 197, 'Justin', 'Garcia', 'fishererica@jones-miller.info'),
(725, 61, 'Donald', 'Green', 'daisyhowell@gmail.com'),
(726, 415, 'Jacqueline', 'Jones', 'derekgentry@patel.com'),
(727, 58, 'Lisa', 'Alexander', 'hrice@manning.com'),
(728, 212, 'Heather', 'Garcia', 'imoore@webster.com'),
(729, 206, 'Thomas', 'George', 'ellisnicole@gmail.com'),
(730, 251, 'April', 'Jackson', 'loribradshaw@smith.net'),
(731, 251, 'Anthony', 'Perry', 'csmith@yahoo.com'),
(732, 296, 'David', 'Boyd', 'mpennington@spencer-brown.org'),
(733, 163, 'Devin', 'Alexander', 'ufrank@lawson.org'),
(734, 311, 'Michael', 'Fitzpatrick', 'david50@henry-young.biz'),
(735, 446, 'Bailey', 'Murphy', 'scott23@gmail.com'),
(736, 92, 'Barbara', 'Howell', 'cookana@yahoo.com'),
(737, 310, 'Benjamin', 'Jackson', 'nicolas58@yahoo.com'),
(738, 206, 'Thomas', 'Roberts', 'bonnie53@steele-manning.com'),
(739, 140, 'Amanda', 'Randall', 'allencrystal@vaughn.com'),
(740, 199, 'Tammy', 'Daniels', 'johnsonpatrick@christian-sanchez.info'),
(741, 380, 'Kristina', 'Rodriguez', 'heatherpena@jones.com'),
(742, 475, 'Gary', 'Clark', 'faith93@vargas.com'),
(743, 258, 'Nicholas', 'Freeman', 'wonglaura@gmail.com'),
(744, 366, 'Dawn', 'Andrews', 'martindavis@bowen-hayes.com'),
(745, 107, 'Rodney', 'Henry', 'mlopez@gmail.com'),
(746, 282, 'Craig', 'Villarreal', 'rochasarah@mullins-williams.net'),
(747, 261, 'Kenneth', 'Tucker', 'mweiss@hotmail.com'),
(748, 268, 'Jason', 'Randolph', 'tsilva@harris.org'),
(749, 197, 'Jason', 'Turner', 'brian91@hotmail.com'),
(750, 430, 'Wesley', 'Romero', 'elizabethramirez@gmail.com'),
(751, 295, 'Virginia', 'Lane', 'timothy39@hotmail.com'),
(752, 185, 'Elizabeth', 'King', 'anne53@guerrero.info'),
(753, 449, 'Catherine', 'Jordan', 'danielle98@hotmail.com'),
(754, 269, 'Timothy', 'Lopez', 'laurenanderson@stevens-sloan.com'),
(755, 403, 'Melissa', 'Pittman', 'sarahford@gmail.com'),
(756, 249, 'Thomas', 'Hill', 'ymartinez@esparza.net'),
(757, 36, 'Sarah', 'Edwards', 'stuartvanessa@gill.info'),
(758, 33, 'Kenneth', 'Simmons', 'stephensjessica@garcia.com'),
(759, 297, 'Kyle', 'Leach', 'joshuastephenson@hotmail.com'),
(760, 87, 'Lori', 'Jackson', 'tross@gmail.com'),
(761, 469, 'Henry', 'Jackson', 'landryandrea@gmail.com'),
(762, 153, 'Erica', 'Bolton', 'natasha40@morris.com'),
(763, 228, 'Barbara', 'Melton', 'qsanchez@watson.org'),
(764, 170, 'Cassandra', 'Trujillo', 'ynelson@gmail.com'),
(765, 208, 'Alicia', 'Carr', 'shannonsmith@bradley.org'),
(766, 427, 'Megan', 'Davenport', 'derrick01@gmail.com'),
(767, 188, 'John', 'Pacheco', 'smithjohn@gmail.com'),
(768, 3, 'Stephanie', 'Jackson', 'johnny84@williams.com'),
(769, 226, 'Carol', 'Smith', 'stevenjohnson@bryant.com'),
(770, 411, 'Charles', 'Morgan', 'clarkjoseph@gmail.com'),
(771, 220, 'Kenneth', 'Hoffman', 'patricia03@gmail.com'),
(772, 409, 'Adam', 'Cooper', 'hodom@snyder.com'),
(773, 53, 'Bradley', 'Rivera', 'hannah32@gmail.com'),
(774, 52, 'Hannah', 'Ingram', 'jamie55@gmail.com'),
(775, 254, 'Bryan', 'Myers', 'nicolejackson@yahoo.com'),
(776, 453, 'Gina', 'Ruiz', 'daybryan@ross-newman.com'),
(777, 308, 'Craig', 'Garcia', 'rebecca72@yahoo.com'),
(778, 166, 'Kelli', 'Frey', 'princejane@anderson.org'),
(779, 458, 'Heidi', 'Rogers', 'michaelrodriguez@stephens-rhodes.com'),
(780, 325, 'Charles', 'Green', 'kim30@yahoo.com'),
(781, 301, 'Elizabeth', 'West', 'richardsonbianca@mayo.net'),
(782, 137, 'Cody', 'Berry', 'castillocrystal@hotmail.com'),
(783, 400, 'Samuel', 'Ramsey', 'maureenmorales@gmail.com'),
(784, 380, 'Wyatt', 'Mueller', 'brooke91@wells.biz'),
(785, 230, 'Jacob', 'Mitchell', 'darryljones@yahoo.com'),
(786, 330, 'Jeffrey', 'Horn', 'dayjared@hotmail.com'),
(787, 96, 'Sean', 'Becker', 'brian89@wilson-jackson.com'),
(788, 498, 'Lee', 'Watson', 'davidwilkinson@cherry.com'),
(789, 495, 'Andrew', 'Haas', 'bradmckay@hotmail.com'),
(790, 35, 'Sheila', 'Mosley', 'timothyjones@reid.biz'),
(791, 259, 'Miguel', 'Hughes', 'grivera@watkins.com'),
(792, 223, 'Tara', 'Cruz', 'jensenkelsey@olson.com'),
(793, 213, 'Laura', 'Phillips', 'cjohnson@carey.com'),
(794, 432, 'Brian', 'Vincent', 'jmayer@gmail.com'),
(795, 305, 'Kenneth', 'Banks', 'michelleortiz@yahoo.com'),
(796, 389, 'Joseph', 'White', 'jroberson@yahoo.com'),
(797, 384, 'Jacqueline', 'Williams', 'douglas75@obrien-arnold.com'),
(798, 490, 'Sherri', 'Stokes', 'victoria69@gmail.com'),
(799, 39, 'David', 'Brown', 'currykimberly@gmail.com'),
(800, 42, 'Elizabeth', 'Huffman', 'christophernguyen@brown-villa.com');